"Auftragskonto";"Buchungstag";"Valutadatum";"Buchungstext";"Verwendungszweck";"Beguenstigter/Zahlungspflichtiger";"Kontonummer";"BLZ";"Betrag";"Waehrung";"Info"
"43006329";"30.12.16";"30.12.16";"ONLINE-UEBERWEISUNG";"SVWZ+Beteiligungan KABA Soft Espana SLDATUM 30.12.2016, 00.03 UHR1.TAN 814190";"KABA Soft Espana SL";"ES0221003502962200243621";"CAIXESBBXXX";"-3000,00";"EUR";"Umsatz gebucht"
"43006329";"30.12.16";"30.12.16";"ABSCHLUSS";"Abrechnung 29.12.2016siehe Anlage";"";"";"48050161";"-17,11";"EUR";"Umsatz gebucht"
"43006329";"27.12.16";"27.12.16";"FOLGELASTSCHRIFT";"EREF+1115099206/117909148359MREF+DL-1115099206-000001CRED+DE43ZZZ00000074855SVWZ+Kd 1115099206 Wir sagen danke. RG-Nr. P16045131077 48,54 EUR";"mobilcom-debitel";"DE08214400450844443200";"COBADEFFXXX";"-48,54";"EUR";"Umsatz gebucht"
"43006329";"20.12.16";"20.12.16";"KARTENZAHLUNG";"SVWZ+2016-12-19T06.36.47 Karte1 2018-12ABWA+DB REISEZENTRUM//BIELEFELD HBF/DE";"DB Vertrieb GmbH";"DE43120800004084300300";"DRESDEFF120";"-101,00";"EUR";"Umsatz gebucht"
"43006329";"20.12.16";"20.12.16";"KARTENZAHLUNG";"SVWZ+2016-12-19T19.25.07 Karte1 2018-12ABWA+CONSARIA HOTEL GMBH//Frankfurt/DE";"Consaria Hotel GmbH";"DE98500502010200552570";"HELADEF1822";"-176,00";"EUR";"Umsatz gebucht"
"43006329";"20.12.16";"20.12.16";"ONLINE-UEBERWEISUNG";"SVWZ+Reisekosten/FahrkartenDATUM 20.12.2016, 07.15 UHR1.TAN 190111";"BINTOU MADY KABA";"DE22480501610043719244";"SPBIDE3BXXX";"-500,00";"EUR";"Umsatz gebucht"
"43006329";"16.12.16";"16.12.16";"EIGENE KREDITKARTENABRECHN.";"15.12.16 5232540435375351";"KREDITKARTENABRECHNUNG";"900484122";"48050161";"-1,34";"EUR";"Umsatz gebucht"
"43006329";"15.12.16";"15.12.16";"FOLGELASTSCHRIFT";"EREF+34900057372381L161213-3203-23198078MREF+NW156672926200CRED+DE14NRW00000098851SVWZ+Stnr 349/5737/2381 Umsatzsteuer Okt. 16 287,39 Koerperschaftst. 4.Vj.16 2.016,00 Solid.Zuschl.KSt 4.Vj.16 110,00 Lohnsteuer Nov. 16 253,00";"STEUERVERWALTUNG NRW";"DE84300500000004061214";"WELADEDDXXX";"-2666,39";"EUR";"Umsatz gebucht"
"43006329";"14.12.16";"14.12.16";"FOLGELASTSCHRIFT";"EREF+Zahlbeleg 370324832976MREF+DE000201100200000000000000009713925CRED+DE93ZZZ00000078611SVWZ+Rech.Nr. 9615613309 051216 Vertragskonto 5619229189";"Telekom Deutschland GmbH";"DE53360100430595800439";"PBNKDEFFXXX";"-41,03";"EUR";"Umsatz gebucht"
"43006329";"13.12.16";"13.12.16";"KARTENZAHLUNG";"SVWZ+2016-12-12T06.21.28 Karte1 2018-12ABWA+DB REISEZENTRUM//BIELEFELD HBF/DE";"DB Vertrieb GmbH";"DE43120800004084300300";"DRESDEFF120";"-106,50";"EUR";"Umsatz gebucht"
"43006329";"13.12.16";"13.12.16";"KARTENZAHLUNG";"SVWZ+2016-12-12T19.20.23 Karte1 2018-12ABWA+CONSARIA HOTEL GMBH//Frankfurt/DE";"Consaria Hotel GmbH";"DE98500502010200552570";"HELADEF1822";"-176,00";"EUR";"Umsatz gebucht"
"43006329";"12.12.16";"12.12.16";"GUTSCHRIFT";"SVWZ+GSNR 44-1041774 VOM 06.12.2016 11-966407 ABZGL. 2p. SKONTO";"GULP CONSULTING SERVICES";"DE30700400410271268500";"COBADEFFXXX";"18536,75";"EUR";"Umsatz gebucht"
"43006329";"08.12.16";"08.12.16";"KARTENZAHLUNG";"SVWZ+2016-12-07T06.46.43 Karte1 2018-12ABWA+DB REISEZENTRUM//FRANKFURT(MAIN)HBF/DE";"DB Vertrieb GmbH";"DE43120800004084300300";"DRESDEFF120";"-104,50";"EUR";"Umsatz gebucht"
"43006329";"06.12.16";"06.12.16";"KARTENZAHLUNG";"SVWZ+2016-12-05T20.27.30 Karte1 2018-12ABWA+CONSARIA HOTEL GMBH//Frankfurt/DE";"Consaria Hotel GmbH";"DE98500502010200552570";"HELADEF1822";"-176,00";"EUR";"Umsatz gebucht"
"43006329";"02.12.16";"05.12.16";"ZINSEN/DIVIDENDE";"DEPOT       44719859  05.12.2016WERTPAPIERZAHLUNG FUER KENN-NR.  855681INTEL CORP.    DL-,001US458140100101152000083619261080";"SPARKASSE BIELEFELD";"900482001";"48050161";"20,75";"EUR";"Umsatz gebucht"
"43006329";"01.12.16";"01.12.16";"KARTENZAHLUNG";"SVWZ+2016-11-30T06.38.15 Karte1 2018-12ABWA+DB REISEZENTRUM//FRANKFURT(MAIN)HBF/DE";"DB Vertrieb GmbH";"DE43120800004084300300";"DRESDEFF120";"-104,50";"EUR";"Umsatz gebucht"
"43006329";"01.12.16";"01.12.16";"FOLGELASTSCHRIFT";"EREF+ZAHLBELEG 001029067083MREF+PM000002070840CRED+DE80PVL00000107460SVWZ+FirmenRente L103781314 Kaba, Bintou Mady 01.12.2016";"Provinzial NordWest";"DE68300500000000061028";"WELADEDDXXX";"-2640,00";"EUR";"Umsatz gebucht"
"43006329";"01.12.16";"01.12.16";"ABSCHLUSS";"Abrechnung 30.11.2016siehe Anlage";"";"";"48050161";"-18,09";"EUR";"Umsatz gebucht"
"43006329";"29.11.16";"29.11.16";"KARTENZAHLUNG";"SVWZ+2016-11-28T20.15.32 Karte1 2018-12ABWA+CONSARIA HOTEL GMBH//Frankfurt/DE";"Consaria Hotel GmbH";"DE98500502010200552570";"HELADEF1822";"-176,00";"EUR";"Umsatz gebucht"
"43006329";"29.11.16";"29.11.16";"ONLINE-UEBERWEISUNG";"SVWZ+9030348059DATUM 28.11.2016, 23.28 UHR1.TAN 204881";"STADTWERKE BIELEFELD";"DE62480501610000000042";"SPBIDE3BXXX";"-350,00";"EUR";"Umsatz gebucht"
"43006329";"29.11.16";"29.11.16";"ONLINE-UEBERWEISUNG";"SVWZ+Gehalt 04/2015DATUM 28.11.2016, 23.25 UHR1.TAN 272433";"BINTOU MADY KABA";"DE22480501610043719244";"SPBIDE3BXXX";"-2747,00";"EUR";"Umsatz gebucht"
"43006329";"25.11.16";"25.11.16";"KARTENZAHLUNG";"SVWZ+2016-11-24T06.19.24 Karte1 2018-12ABWA+DB REISEZENTRUM//FRANKFURT(MAIN)HBF/DE";"DB Vertrieb GmbH";"DE43120800004084300300";"DRESDEFF120";"-104,50";"EUR";"Umsatz gebucht"
"43006329";"24.11.16";"24.11.16";"FOLGELASTSCHRIFT";"EREF+1115099206/133268999504MREF+DL-1115099206-000001CRED+DE43ZZZ00000074855SVWZ+Kd 1115099206 Wir sagen danke. RG-Nr. P16041146095 47,95 EUR";"mobilcom-debitel";"DE08214400450844443200";"COBADEFFXXX";"-47,95";"EUR";"Umsatz gebucht"
"43006329";"22.11.16";"22.11.16";"KARTENZAHLUNG";"SVWZ+2016-11-21T20.13.45 Karte1 2018-12ABWA+CONSARIA HOTEL GMBH//Frankfurt/DE";"Consaria Hotel GmbH";"DE98500502010200552570";"HELADEF1822";"-176,00";"EUR";"Umsatz gebucht"
"43006329";"21.11.16";"21.11.16";"ONLINE-UEBERWEISUNG";"SVWZ+ReisekostenvorschussDATUM 21.11.2016, 05.59 UHR1.TAN 760432";"BINTOU MADY KABA";"DE22480501610043719244";"SPBIDE3BXXX";"-500,00";"EUR";"Umsatz gebucht"
"43006329";"18.11.16";"18.11.16";"KARTENZAHLUNG";"SVWZ+2016-11-17T06.38.41 Karte1 2018-12ABWA+DB REISEZENTRUM//FRANKFURT(MAIN)HBF/DE";"DB Vertrieb GmbH";"DE43120800004084300300";"DRESDEFF120";"-104,50";"EUR";"Umsatz gebucht"
"43006329";"16.11.16";"16.11.16";"BUCHUNG";"15.11.16 5232540435375351";"KREDITKARTENABRECHNUNG";"900484122";"48050161";"191,20";"EUR";"Umsatz gebucht"
"43006329";"15.11.16";"15.11.16";"KARTENZAHLUNG";"SVWZ+2016-11-14T18.57.51 Karte1 2018-12ABWA+CONSARIA HOTEL GMBH//Frankfurt/DE";"Consaria Hotel GmbH";"DE98500502010200552570";"HELADEF1822";"-176,00";"EUR";"Umsatz gebucht"
"43006329";"15.11.16";"15.11.16";"FOLGELASTSCHRIFT";"EREF+34900057372381L161111-3159-22340004MREF+NW156672926200CRED+DE14NRW00000098851SVWZ+Stnr 349/5737/2381 Umsatzsteuer Sept.16 1.346,53Lohnsteuer Okt. 16 253,00";"STEUERVERWALTUNG NRW";"DE84300500000004061214";"WELADEDDXXX";"-1599,53";"EUR";"Umsatz gebucht"
"43006329";"15.11.16";"15.11.16";"FOLGELASTSCHRIFT";"EREF+Zahlbeleg 351184865937MREF+DE000201100200000000000000009713925CRED+DE93ZZZ00000078611SVWZ+Rech.Nr. 9615371624 041116 Vertragskonto 5619229189";"Telekom Deutschland GmbH";"DE53360100430595800439";"PBNKDEFFXXX";"-39,89";"EUR";"Umsatz gebucht"
"43006329";"15.11.16";"15.11.16";"FOLGELASTSCHRIFT";"EREF+001100852098MREF+501010257017001CRED+DE1920000000017669SVWZ+501010257017,1100062680,Gew.St.Vorausz. 2016ABWA+Stadtkasse Bielefeld";"Stadt Bielefeld";"DE09480501610000000026";"SPBIDE3BXXX";"-516,00";"EUR";"Umsatz gebucht"
"43006329";"14.11.16";"14.11.16";"ONLINE-UEBERWEISUNG";"SVWZ+Gehalt 10/2016DATUM 11.11.2016, 22.07 UHR1.TAN 003831";"BINTOU MADY KABA";"DE22480501610043719244";"SPBIDE3BXXX";"-1000,00";"EUR";"Umsatz gebucht"
"43006329";"11.11.16";"11.11.16";"KARTENZAHLUNG";"SVWZ+2016-11-10T06.03.27 Karte1 2018-12ABWA+DB REISEZENTRUM//FRANKFURT(MAIN)HBF/DE";"DB Vertrieb GmbH";"DE43120800004084300300";"DRESDEFF120";"-104,50";"EUR";"Umsatz gebucht"
"43006329";"08.11.16";"08.11.16";"KARTENZAHLUNG";"SVWZ+2016-11-07T18.46.50 Karte1 2018-12ABWA+CONSARIA HOTEL GMBH//Frankfurt/DE";"Consaria Hotel GmbH";"DE98500502010200552570";"HELADEF1822";"-176,00";"EUR";"Umsatz gebucht"
"43006329";"08.11.16";"08.11.16";"GUTSCHRIFT";"SVWZ+GSNR 44-1026290 VOM 31.10.2016 10-966407 ABZGL. 2p. SKONTO";"GULP CONSULTING SERVICES";"DE30700400410271268500";"COBADEFFXXX";"16009,02";"EUR";"Umsatz gebucht"
"43006329";"07.11.16";"07.11.16";"ONLINE-UEBERWEISUNG";"SVWZ+9030348059DATUM 06.11.2016, 20.26 UHR1.TAN 808541";"STADTWERKE BIELEFELD";"DE62480501610000000042";"SPBIDE3BXXX";"-310,00";"EUR";"Umsatz gebucht"
"43006329";"07.11.16";"07.11.16";"ONLINE-UEBERWEISUNG";"SVWZ+7081411143682306DATUM 06.11.2016, 20.23 UHR1.TAN 793612";"DB Fernverkehr AG";"DE02100100100152517108";"PBNKDEFFXXX";"-255,00";"EUR";"Umsatz gebucht"
"43006329";"03.11.16";"03.11.16";"KARTENZAHLUNG";"SVWZ+2016-11-02T06.06.20 Karte1 2018-12ABWA+DB REISEZENTRUM//FRANKFURT(MAIN)HBF/DE";"DB Vertrieb GmbH";"DE43120800004084300300";"DRESDEFF120";"-104,50";"EUR";"Umsatz gebucht"
"43006329";"02.11.16";"02.11.16";"KARTENZAHLUNG";"SVWZ+2016-11-01T19.00.36 Karte1 2018-12ABWA+CONSARIA HOTEL GMBH//Frankfurt/DE";"Consaria Hotel GmbH";"DE98500502010200552570";"HELADEF1822";"-132,00";"EUR";"Umsatz gebucht"
"43006329";"02.11.16";"01.11.16";"ABSCHLUSS";"Abrechnung 31.10.2016siehe Anlage";"";"";"48050161";"-18,45";"EUR";"Umsatz gebucht"
"43006329";"31.10.16";"31.10.16";"FOLGELASTSCHRIFT";"EREF+I160001342093MREF+M-C1002826309-0001CRED+DE63ZZZ00000015422SVWZ+Hetzner Online GmbH -I160001342093";"Hetzner Online AG";"DE44701600000000142108";"GENODEFF701";"-11,90";"EUR";"Umsatz gebucht"
"43006329";"28.10.16";"28.10.16";"KARTENZAHLUNG";"SVWZ+2016-10-27T06.42.29 Karte1 2018-12ABWA+DB REISEZENTRUM//FRANKFURT(MAIN)HBF/DE";"DB Vertrieb GmbH";"DE43120800004084300300";"DRESDEFF120";"-104,50";"EUR";"Umsatz gebucht"
"43006329";"26.10.16";"26.10.16";"FOLGELASTSCHRIFT";"EREF+1115099206/115008761052MREF+DL-1115099206-000001CRED+DE43ZZZ00000074855SVWZ+Kd 1115099206 Wir sagen danke. RG-Nr. P16037250084 49,11 EUR";"mobilcom-debitel";"DE08214400450844443200";"COBADEFFXXX";"-49,11";"EUR";"Umsatz gebucht"
"43006329";"25.10.16";"25.10.16";"KARTENZAHLUNG";"SVWZ+2016-10-24T18.58.48 Karte1 2018-12ABWA+CONSARIA HOTEL GMBH//Frankfurt/DE";"Consaria Hotel GmbH";"DE98500502010200552570";"HELADEF1822";"-168,00";"EUR";"Umsatz gebucht"
"43006329";"25.10.16";"25.10.16";"ONLINE-UEBERWEISUNG";"SVWZ+Gehalt 10/2016DATUM 25.10.2016, 07.09 UHR1.TAN 576626";"BINTOU MADY KABA";"DE22480501610043719244";"SPBIDE3BXXX";"-1747,00";"EUR";"Umsatz gebucht"
"43006329";"25.10.16";"25.10.16";"ONLINE-UEBERWEISUNG";"SVWZ+Vorschuss REDATUM 25.10.2016, 07.05 UHR1.TAN 834296";"KABA Soft Espana SL";"ES0221003502962200243621";"CAIXESBBXXX";"-3000,00";"EUR";"Umsatz gebucht"
"43006329";"24.10.16";"24.10.16";"FOLGELASTSCHRIFT";"EREF+34900057372381L161020-3129-21866583MREF+NW156672926200CRED+DE14NRW00000098851SVWZ+Stnr 349/5737/2381 Lohnsteuer Sept.16 253,00";"STEUERVERWALTUNG NRW";"DE84300500000004061214";"WELADEDDXXX";"-253,00";"EUR";"Umsatz gebucht"
"43006329";"21.10.16";"21.10.16";"FOLGELASTSCHRIFT";"EREF+34900057372381L161019-3127-21859332MREF+NW156672926200CRED+DE14NRW00000098851SVWZ+Stnr 349/5737/2381 Lohnsteuer Aug. 16 253,00";"STEUERVERWALTUNG NRW";"DE84300500000004061214";"WELADEDDXXX";"-253,00";"EUR";"Umsatz gebucht"
"43006329";"20.10.16";"20.10.16";"KARTENZAHLUNG";"SVWZ+2016-10-19T06.10.03 Karte1 2018-12ABWA+DB REISEZENTRUM//FRANKFURT(MAIN)HBF/DE";"DB Vertrieb GmbH";"DE43120800004084300300";"DRESDEFF120";"-99,00";"EUR";"Umsatz gebucht"
"43006329";"19.10.16";"19.10.16";"EIGENE KREDITKARTENABRECHN.";"18.10.16 5232540435375351";"KREDITKARTENABRECHNUNG";"900484122";"48050161";"-952,74";"EUR";"Umsatz gebucht"
"43006329";"18.10.16";"18.10.16";"KARTENZAHLUNG";"SVWZ+2016-10-17T19.27.15 Karte1 2018-12ABWA+CONSARIA HOTEL GMBH//Frankfurt/DE";"Consaria Hotel GmbH";"DE98500502010200552570";"HELADEF1822";"-256,00";"EUR";"Umsatz gebucht"
"43006329";"17.10.16";"17.10.16";"FOLGELASTSCHRIFT";"EREF+Zahlbeleg 380884206852MREF+DE000201100200000000000000009713925CRED+DE93ZZZ00000078611SVWZ+Rech.Nr. 9615129839 061016 Vertragskonto 5619229189";"Telekom Deutschland GmbH";"DE53360100430595800439";"PBNKDEFFXXX";"-40,08";"EUR";"Umsatz gebucht"
"43006329";"14.10.16";"14.10.16";"GUTSCHRIFT";"SVWZ+GSNR 44-1018977 VOM 07.10.2016 9-966407 ABZGL. 2p. SKONTO";"GULP CONSULTING SERVICES";"DE30700400410271268500";"COBADEFFXXX";"17694,17";"EUR";"Umsatz gebucht"
"43006329";"13.10.16";"13.10.16";"KARTENZAHLUNG";"SVWZ+2016-10-12T06.16.34 Karte1 2018-12ABWA+DB REISEZENTRUM//FRANKFURT(MAIN)HBF/DE";"DB Vertrieb GmbH";"DE43120800004084300300";"DRESDEFF120";"-99,00";"EUR";"Umsatz gebucht"
"43006329";"13.10.16";"14.10.16";"GUTSCHRIFT";"EREF+34900057372381G161012-00HO-16225879SVWZ+StNr 349/5737/2381 Umsatzsteuer Aug. 16 3,19";"STEUERVERWALTUNG NRW";"DE95300500000004051413";"WELADEDDXXX";"3,19";"EUR";"Umsatz gebucht"
"43006329";"11.10.16";"11.10.16";"KARTENZAHLUNG";"SVWZ+2016-10-10T18.46.12 Karte1 2018-12ABWA+CONSARIA HOTEL GMBH//Frankfurt/DE";"Consaria Hotel GmbH";"DE98500502010200552570";"HELADEF1822";"-196,00";"EUR";"Umsatz gebucht"
"43006329";"11.10.16";"11.10.16";"FOLGELASTSCHRIFT";"EREF+HOSTEUROPEGMBH-SEPA0001653-74800000MREF+DMUM8GDLNHCRED+DE08ZZZ00000352614SVWZ+19933986 V.04.10.16 KDNR. 373999";"Host Europe GmbH";"DE29370501981004142632";"COLSDE33";"-6,49";"EUR";"Umsatz gebucht"
"43006329";"10.10.16";"10.10.16";"KARTENZAHLUNG";"SVWZ+2016-10-07T06.04.54 Karte1 2018-12ABWA+DB REISEZENTRUM//FRANKFURT(MAIN)HBF/DE";"DB Vertrieb GmbH";"DE43120800004084300300";"DRESDEFF120";"-110,00";"EUR";"Umsatz gebucht"
"43006329";"10.10.16";"10.10.16";"KARTENZAHLUNG";"SVWZ+2016-10-08T10.39.54 Karte1 2018-12ABWA+XXXM042XXXMEDIA MAR//BIELEFELD/DE";"MEDIA MARKT SAGT DANKE.";"DE38300500000001107713";"WELADEDDXXX";"-137,97";"EUR";"Umsatz gebucht"
"43006329";"05.10.16";"05.10.16";"KARTENZAHLUNG";"SVWZ+2016-10-04T19.15.08 Karte1 2018-12ABWA+CONSARIA HOTEL GMBH//Frankfurt/DE";"Consaria Hotel GmbH";"DE98500502010200552570";"HELADEF1822";"-167,00";"EUR";"Umsatz gebucht"
"43006329";"04.10.16";"04.10.16";"ONLINE-UEBERWEISUNG";"SVWZ+Gehalt 09/2016DATUM 03.10.2016, 08.51 UHR1.TAN 840954";"BINTOU MADY KABA";"DE22480501610043719244";"SPBIDE3BXXX";"-2747,00";"EUR";"Umsatz gebucht"
"43006329";"04.10.16";"01.10.16";"ABSCHLUSS";"Abrechnung 30.09.2016siehe Anlage";"";"";"48050161";"-18,17";"EUR";"Umsatz gebucht"
"43006329";"30.09.16";"30.09.16";"KARTENZAHLUNG";"SVWZ+2016-09-29T06.16.08 Karte1 2018-12ABWA+DB REISEZENTRUM//FRANKFURT(MAIN)HBF/DE";"DB Vertrieb GmbH";"DE43120800004084300300";"DRESDEFF120";"-99,00";"EUR";"Umsatz gebucht"
"43006329";"27.09.16";"27.09.16";"KARTENZAHLUNG";"SVWZ+2016-09-26T19.01.01 Karte1 2018-12ABWA+CONSARIA HOTEL GMBH//Frankfurt/DE";"Consaria Hotel GmbH";"DE98500502010200552570";"HELADEF1822";"-191,00";"EUR";"Umsatz gebucht"
"43006329";"27.09.16";"27.09.16";"ONLINE-UEBERWEISUNG";"SVWZ+FahrtkostenDATUM 26.09.2016, 21.35 UHR1.TAN 690845";"BINTOU MADY KABA";"DE22480501610043719244";"SPBIDE3BXXX";"-800,00";"EUR";"Umsatz gebucht"
"43006329";"26.09.16";"26.09.16";"KARTENZAHLUNG";"SVWZ+2016-09-23T06.09.28 Karte1 2018-12ABWA+DB REISEZENTRUM//FRANKFURT(MAIN)HBF/DE";"DB Vertrieb GmbH";"DE43120800004084300300";"DRESDEFF120";"-110,00";"EUR";"Umsatz gebucht"
"43006329";"26.09.16";"26.09.16";"FOLGELASTSCHRIFT";"EREF+1115099206/113528020782MREF+DL-1115099206-000001CRED+DE43ZZZ00000074855SVWZ+Kd 1115099206 Wir sagen danke. RG-Nr. P16033529086 47,95 EUR";"mobilcom-debitel";"DE08214400450844443200";"COBADEFFXXX";"-47,95";"EUR";"Umsatz gebucht"
"43006329";"20.09.16";"20.09.16";"KARTENZAHLUNG";"SVWZ+2016-09-19T19.03.58 Karte1 2018-12ABWA+CONSARIA HOTEL GMBH//Frankfurt/DE";"Consaria Hotel GmbH";"DE98500502010200552570";"HELADEF1822";"-234,00";"EUR";"Umsatz gebucht"
"43006329";"19.09.16";"19.09.16";"GUTSCHRIFT";"EREF+KD10000075261 9SVWZ+09.09.16 NR. 60740981Beitrag 2014 304,88";"IHK Bielefeld";"DE51370100500388917500";"PBNKDEFFXXX";"304,88";"EUR";"Umsatz gebucht"
"43006329";"19.09.16";"19.09.16";"ONLINE-UEBERWEISUNG";"SVWZ+FahkostenvorschussDATUM 18.09.2016, 21.24 UHR1.TAN 850448";"BINTOU MADY KABA";"DE22480501610043719244";"SPBIDE3BXXX";"-500,00";"EUR";"Umsatz gebucht"
"43006329";"19.09.16";"19.09.16";"ONLINE-UEBERWEISUNG";"SVWZ+VorschussDATUM 18.09.2016, 21.21 UHR1.TAN 812235";"KABA Soft Espana SL";"ES0221003502962200243621";"CAIXESBBXXX";"-2500,00";"EUR";"Umsatz gebucht"
"43006329";"16.09.16";"16.09.16";"KARTENZAHLUNG";"SVWZ+2016-09-15T06.34.45 Karte1 2018-12ABWA+DB REISEZENTRUM//FRANKFURT(MAIN)HBF/DE";"DB Vertrieb GmbH";"DE43120800004084300300";"DRESDEFF120";"-99,00";"EUR";"Umsatz gebucht"
"43006329";"16.09.16";"16.09.16";"GUTSCHRIFT";"SVWZ+GSNR 44-1009467 VOM 09.09.2016 8-966407 ABZGL. 2p. SKONTO";"GULP CONSULTING SERVICES";"DE30700400410271268500";"COBADEFFXXX";"10953,54";"EUR";"Umsatz gebucht"
"43006329";"16.09.16";"16.09.16";"BUCHUNG";"15.09.16 5232540435375351";"KREDITKARTENABRECHNUNG";"900484122";"48050161";"23,72";"EUR";"Umsatz gebucht"
"43006329";"15.09.16";"15.09.16";"FOLGELASTSCHRIFT";"EREF+34900057372381L160913-3077-21194696MREF+NW156672926200CRED+DE14NRW00000098851SVWZ+Stnr 349/5737/2381 Koerperschaftst. 3.Vj.16 2.016,00 Solid.Zuschl.KSt 3.Vj.16 110,00";"STEUERVERWALTUNG NRW";"DE84300500000004061214";"WELADEDDXXX";"-2126,00";"EUR";"Umsatz gebucht"
"43006329";"14.09.16";"14.09.16";"KARTENZAHLUNG";"SVWZ+2016-09-13T05.48.14 Karte1 2018-12ABWA+DB AUTOMAT//BIELEFELDHBF/DE";"DB Vertrieb GmbH";"DE43120800004084300300";"DRESDEFF120";"-55,00";"EUR";"Umsatz gebucht"
"43006329";"14.09.16";"14.09.16";"KARTENZAHLUNG";"SVWZ+2016-09-13T19.21.09 Karte1 2018-12ABWA+CONSARIA HOTEL GMBH//Frankfurt/DE";"Consaria Hotel GmbH";"DE98500502010200552570";"HELADEF1822";"-207,00";"EUR";"Umsatz gebucht"
"43006329";"14.09.16";"14.09.16";"FOLGELASTSCHRIFT";"EREF+Zahlbeleg 332044682748MREF+DE000201100200000000000000009713925CRED+DE93ZZZ00000078611SVWZ+Rech.Nr. 9614887600 050916 Vertragskonto 5619229189";"Telekom Deutschland GmbH";"DE53360100430595800439";"PBNKDEFFXXX";"-43,88";"EUR";"Umsatz gebucht"
"43006329";"12.09.16";"12.09.16";"KARTENZAHLUNG";"SVWZ+2016-09-09T06.16.24 Karte1 2018-12ABWA+DB REISEZENTRUM//FRANKFURT(MAIN)HBF/DE";"DB Vertrieb GmbH";"DE43120800004084300300";"DRESDEFF120";"-49,50";"EUR";"Umsatz gebucht"
"43006329";"06.09.16";"06.09.16";"KARTENZAHLUNG";"SVWZ+2016-09-05T18.48.13 Karte1 2018-12ABWA+CONSARIA HOTEL GMBH//Frankfurt/DE";"Consaria Hotel GmbH";"DE98500502010200552570";"HELADEF1822";"-256,00";"EUR";"Umsatz gebucht"
"43006329";"06.09.16";"06.09.16";"ONLINE-UEBERWEISUNG";"SVWZ+Gehalt  08/2016DATUM 06.09.2016, 07.22 UHR1.TAN 261766";"BINTOU MADY KABA";"DE22480501610043719244";"SPBIDE3BXXX";"-2747,00";"EUR";"Umsatz gebucht"
"43006329";"02.09.16";"02.09.16";"KARTENZAHLUNG";"SVWZ+2016-09-01T06.37.03 Karte1 2018-12ABWA+DB REISEZENTRUM//FRANKFURT(MAIN)HBF/DE";"DB Vertrieb GmbH";"DE43120800004084300300";"DRESDEFF120";"-110,00";"EUR";"Umsatz gebucht"
"43006329";"02.09.16";"05.09.16";"ZINSEN/DIVIDENDE";"DEPOT       44719859  05.09.2016WERTPAPIERZAHLUNG FUER KENN-NR.  855681INTEL CORP.    DL-,001US458140100101152000074529926360";"SPARKASSE BIELEFELD";"900482001";"48050161";"19,76";"EUR";"Umsatz gebucht"
"43006329";"01.09.16";"01.09.16";"ABSCHLUSS";"Abrechnung 31.08.2016siehe Anlage";"";"";"48050161";"-17,87";"EUR";"Umsatz gebucht"
"43006329";"31.08.16";"31.08.16";"ONLINE-UEBERWEISUNG";"SVWZ+Vorschuss Reiskosten 08-2016DATUM 30.08.2016, 22.29 UHR1.TAN 239670";"BINTOU MADY KABA";"DE22480501610043719244";"SPBIDE3BXXX";"-500,00";"EUR";"Umsatz gebucht"
"43006329";"31.08.16";"31.08.16";"SEPA UEBERTRAG HABEN";"SVWZ+Umbuchung";"KABA SOFT GMBH";"DE02480501610087501912";"SPBIDE3BXXX";"5000,00";"EUR";"Umsatz gebucht"
"43006329";"30.08.16";"30.08.16";"KARTENZAHLUNG";"SVWZ+2016-08-29T19.45.26 Karte1 2018-12ABWA+CONSARIA HOTEL GMBH//Frankfurt/DE";"Consaria Hotel GmbH";"DE98500502010200552570";"HELADEF1822";"-191,00";"EUR";"Umsatz gebucht"
"43006329";"26.08.16";"26.08.16";"KARTENZAHLUNG";"SVWZ+2016-08-25T06.18.11 Karte1 2018-12ABWA+DB REISEZENTRUM//FRANKFURT(MAIN)HBF/DE";"DB Vertrieb GmbH";"DE43120800004084300300";"DRESDEFF120";"-104,50";"EUR";"Umsatz gebucht"
"43006329";"25.08.16";"25.08.16";"FOLGELASTSCHRIFT";"EREF+1115099206/113527876939MREF+DL-1115099206-000001CRED+DE43ZZZ00000074855SVWZ+Kd 1115099206 Wir sagen danke. RG-Nr. P16029836523 47,95 EUR";"mobilcom-debitel";"DE08214400450844443200";"COBADEFFXXX";"-47,95";"EUR";"Umsatz gebucht"
"43006329";"23.08.16";"23.08.16";"KARTENZAHLUNG";"SVWZ+2016-08-22T19.35.01 Karte1 2018-12ABWA+CONSARIA HOTEL GMBH//Frankfurt/DE";"Consaria Hotel GmbH";"DE98500502010200552570";"HELADEF1822";"-196,00";"EUR";"Umsatz gebucht"
"43006329";"22.08.16";"22.08.16";"KARTENZAHLUNG";"SVWZ+2016-08-19T06.58.54 Karte1 2018-12ABWA+DB REISEZENTRUM//FRANKFURT(MAIN)HBF/DE";"DB Vertrieb GmbH";"DE43120800004084300300";"DRESDEFF120";"-110,00";"EUR";"Umsatz gebucht"
"43006329";"18.08.16";"18.08.16";"FOLGELASTSCHRIFT";"EREF+34900057372381L160816-3037-20390288MREF+NW156672926200CRED+DE14NRW00000098851SVWZ+Stnr 349/5737/2381 Lohnsteuer Juli 16 253,00";"STEUERVERWALTUNG NRW";"DE84300500000004061214";"WELADEDDXXX";"-253,00";"EUR";"Umsatz gebucht"
"43006329";"17.08.16";"17.08.16";"ONLINE-UEBERWEISUNG";"SVWZ+Gehalt 04/2015DATUM 17.08.2016, 19.02 UHR1.TAN 223778";"BINTOU MADY KABA";"DE22480501610043719244";"SPBIDE3BXXX";"-2747,00";"EUR";"Umsatz gebucht"
"43006329";"16.08.16";"16.08.16";"KARTENZAHLUNG";"SVWZ+2016-08-15T19.54.05 Karte1 2018-12ABWA+CONSARIA HOTEL GMBH//Frankfurt/DE";"Consaria Hotel GmbH";"DE98500502010200552570";"HELADEF1822";"-136,80";"EUR";"Umsatz gebucht"
"43006329";"16.08.16";"16.08.16";"EIGENE KREDITKARTENABRECHN.";"15.08.16 5232540435375351";"KREDITKARTENABRECHNUNG";"900484122";"48050161";"-223,99";"EUR";"Umsatz gebucht"
"43006329";"15.08.16";"15.08.16";"KARTENZAHLUNG";"SVWZ+2016-08-14T11.24.10 Karte1 2018-12ABWA+DB REISEZENTRUM//BIELEFELD HBF/DE";"DB Vertrieb GmbH";"DE43120800004084300300";"DRESDEFF120";"-134,00";"EUR";"Umsatz gebucht"
"43006329";"15.08.16";"15.08.16";"FOLGELASTSCHRIFT";"EREF+010000998941MREF+501010257017001CRED+DE1920000000017669SVWZ+501010257017,1100062680,Gew.St.Vorausz. 2016ABWA+Stadtkasse Bielefeld";"Stadt Bielefeld";"DE09480501610000000026";"SPBIDE3BXXX";"-516,00";"EUR";"Umsatz gebucht"
"43006329";"15.08.16";"15.08.16";"ONLINE-UEBERWEISUNG";"SVWZ+RE 88-885755 vom 02-08-2016DATUM 13.08.2016, 16.58 UHR1.TAN 188009";"Gulp Informations ServicesGmbH";"DE39700400410270167000";"COBADEFFXXX";"-142,80";"EUR";"Umsatz gebucht"
"43006329";"12.08.16";"12.08.16";"FOLGELASTSCHRIFT";"EREF+Zahlbeleg 376264421599MREF+DE000201100200000000000000009713925CRED+DE93ZZZ00000078611SVWZ+Rech.Nr. 9614645041 030816 Vertragskonto 5619229189";"Telekom Deutschland GmbH";"DE53360100430595800439";"PBNKDEFFXXX";"-41,46";"EUR";"Umsatz gebucht"
"43006329";"01.08.16";"01.08.16";"SEPA UEBERTRAG HABEN";"SVWZ+Umbuchung";"KABA SOFT GMBH";"DE02480501610087501912";"SPBIDE3BXXX";"5000,00";"EUR";"Umsatz gebucht"
"43006329";"01.08.16";"01.08.16";"ONLINE-UEBERWEISUNG";"SVWZ+KreditDATUM 31.07.2016, 23.51 UHR1.TAN 602648";"KABA Soft Espana SL";"ES0221003502962200243621";"CAIXESBBXXX";"-2500,00";"EUR";"Umsatz gebucht"
"43006329";"01.08.16";"30.07.16";"ABSCHLUSS";"Abrechnung 29.07.2016siehe Anlage";"";"";"48050161";"-15,57";"EUR";"Umsatz gebucht"
"43006329";"26.07.16";"26.07.16";"FOLGELASTSCHRIFT";"EREF+1115099206/129008426801MREF+DL-1115099206-000001CRED+DE43ZZZ00000074855SVWZ+Kd 1115099206 Wir sagen danke. RG-Nr. P16026165268 49,20 EUR";"mobilcom-debitel";"DE08214400450844443200";"COBADEFFXXX";"-49,20";"EUR";"Umsatz gebucht"
"43006329";"14.07.16";"14.07.16";"FOLGELASTSCHRIFT";"EREF+Zahlbeleg 306303791481MREF+DE000201100200000000000000009713925CRED+DE93ZZZ00000078611SVWZ+Rech.Nr. 9614159241 030616 Rech.Nr. 9613915788 040516 Rech.Nr. 9614402354 050716 Vertragskonto 5619229189";"Telekom Deutschland GmbH";"DE53360100430595800439";"PBNKDEFFXXX";"-32,40";"EUR";"Umsatz gebucht"
"43006329";"11.07.16";"11.07.16";"FOLGELASTSCHRIFT";"EREF+2033388-0-0000 RCUR2016-07-11MREF+2033388-0-0000-001CRED+DE05CON00000154303SVWZ+203338800000 GEWERBE FAEL.V.09.07.16-09.07.2017 AM SCHWARZBACH 1, 33739 BIELEFELDABWA+CONCORDIA VERSICHERUNGEN";"Concordia Versicherungs- Gesellschaft a.G.";"DE30250500000101412666";"NOLADE2HXXX";"-278,91";"EUR";"Umsatz gebucht"
"43006329";"08.07.16";"08.07.16";"FOLGELASTSCHRIFT";"EREF+HOSTEUROPEGMBH-SEPA0001519-81430000MREF+DMUM8GDLNHCRED+DE08ZZZ00000352614SVWZ+19618351 V.04.07.16 KDNR. 373999";"Host Europe GmbH";"DE29370501981004142632";"COLSDE33";"-6,49";"EUR";"Umsatz gebucht"
"43006329";"05.07.16";"05.07.16";"FOLGELASTSCHRIFT";"EREF+443487MREF+1402663/1CRED+DE89ZZZ00000773591SVWZ+ReNr 443487ABWA+PCE Net GmbHABWE+KABA Soft GmbH";"PCE - Net Personal Computer Equipement and Net. GmbH";"DE53500502010200444352";"HELADEF1822";"-426,97";"EUR";"Umsatz gebucht"
"43006329";"01.07.16";"01.07.16";"ABSCHLUSS";"Abrechnung 30.06.2016siehe Anlage";"";"";"48050161";"-15,89";"EUR";"Umsatz gebucht"
"43006329";"24.06.16";"24.06.16";"FOLGELASTSCHRIFT";"EREF+1115099206/938111812010MREF+DL-1115099206-000001CRED+DE43ZZZ00000074855SVWZ+Kd 1115099206 Wir sagen danke. RG-Nr. P16022482112 49,64 EUR";"mobilcom-debitel";"DE08214400450844443200";"COBADEFFXXX";"-49,64";"EUR";"Umsatz gebucht"
"43006329";"16.06.16";"16.06.16";"GUTSCHRIFT";"SVWZ+Begleichung Kauf AutoBMW 325D";"BINTOU MADY KABA";"DE22480501610043719244";"SPBIDE3BXXX";"2500,00";"EUR";"Umsatz gebucht"
"43006329";"16.06.16";"16.06.16";"SEPA-ELV-LASTSCHRIFT";"EREF+T016061454604530007198MREF+5460453054081606141620CRED+DE98ZZZ09999999999SVWZ+ELV54604530 14.06 16.20 ME2";"DEUTSCHE POST AG";"DE41380700590028000811";"DEUTDEDK380";"-2,95";"EUR";"Umsatz gebucht"
"43006329";"15.06.16";"15.06.16";"FOLGELASTSCHRIFT";"EREF+34900057372381L160614-2945-19270070MREF+NW156672926200CRED+DE14NRW00000098851SVWZ+Stnr 349/5737/2381 Koerperschaftst. 2.Vj.16 2.016,00 Solid.Zuschl.KSt 2.Vj.16 110,00";"STEUERVERWALTUNG NRW";"DE84300500000004061214";"WELADEDDXXX";"-2126,00";"EUR";"Umsatz gebucht"
"43006329";"09.06.16";"09.06.16";"ONLINE-UEBERWEISUNG";"SVWZ+Beteiligung an KABA Soft Espana SLDATUM 08.06.2016, 20.40 UHR1.TAN 348294";"KABA Soft Espana SL";"ES0221003502962200243621";"CAIXESBBXXX";"-2500,00";"EUR";"Umsatz gebucht"
"43006329";"09.06.16";"09.06.16";"SEPA UEBERTRAG HABEN";"SVWZ+Umbuchung";"KABA SOFT GMBH";"DE02480501610087501912";"SPBIDE3BXXX";"5000,00";"EUR";"Umsatz gebucht"
"43006329";"02.06.16";"03.06.16";"ZINSEN/DIVIDENDE";"DEPOT       44719859  03.06.2016WERTPAPIERZAHLUNG FUER KENN-NR.  855681INTEL CORP.    DL-,001US458140100101152000065323029930";"SPARKASSE BIELEFELD";"900482001";"48050161";"19,75";"EUR";"Umsatz gebucht"
"43006329";"01.06.16";"01.06.16";"ABSCHLUSS";"Abrechnung 31.05.2016siehe Anlage";"";"";"48050161";"-16,27";"EUR";"Umsatz gebucht"
"43006329";"25.05.16";"25.05.16";"FOLGELASTSCHRIFT";"EREF+1115099206/155863463500MREF+DL-1115099206-000001CRED+DE43ZZZ00000074855SVWZ+Kd 1115099206 Wir sagen danke. RG-Nr. P16018863132 52,61 EUR";"mobilcom-debitel";"DE08214400450844443200";"COBADEFFXXX";"-52,61";"EUR";"Umsatz gebucht"
"43006329";"23.05.16";"23.05.16";"ONLINE-UEBERWEISUNG";"SVWZ+RE1502808DATUM 23.05.2016, 06.36 UHR1.TAN 218726";"Schlueter Riedenklau & Kollegen";"DE12480501610072205511";"SPBIDE3BXXX";"-166,37";"EUR";"Umsatz gebucht"
"43006329";"23.05.16";"23.05.16";"FOLGELASTSCHRIFT";"EREF+ZAHLUNGSBELEG 207113327584MREF+DE000205000610000000000000006118189CRED+DE93ZZZ00000078611SVWZ+MOBILFUNK KUNDENKONTO000051640140 0010231267012711/11.05.16ABWE+Kaba Soft GmbH";"TELEKOM DEUTSCHLAND";"DE68700202700667302269";"HYVEDEMMXXX";"-49,17";"EUR";"Umsatz gebucht"
"43006329";"17.05.16";"18.05.16";"GUTSCHRIFT";"EREF+34900057372381G160513-00ER-13390055SVWZ+StNr 349/5737/2381 Umsatzsteuer Mrz. 16 478,80";"STEUERVERWALTUNG NRW";"DE95300500000004051413";"WELADEDDXXX";"478,80";"EUR";"Umsatz gebucht"
"43006329";"17.05.16";"17.05.16";"FOLGELASTSCHRIFT";"EREF+817000942803MREF+501010257017001CRED+DE1920000000017669SVWZ+501010257017,1100062680,Gew.St.Vorausz. 2016ABWA+Stadtkasse Bielefeld";"Stadt Bielefeld";"DE09480501610000000026";"SPBIDE3BXXX";"-516,00";"EUR";"Umsatz gebucht"
"43006329";"02.05.16";"02.05.16";"KARTENZAHLUNG";"SVWZ+2016-04-30T15.11.00 Karte1 2018-12ABWA+XXXM042XXXMEDIA MAR//BIELEFELD/DE";"MEDIA MARKT SAGT DANKE.";"DE38300500000001107713";"WELADEDDXXX";"-59,90";"EUR";"Umsatz gebucht"
"43006329";"02.05.16";"02.05.16";"FOLGELASTSCHRIFT";"EREF+2004795672MREF+38748726V001CRED+DE57LUX00000054136SVWZ+VERSICHERUNG 38748726- KABASOFTGmbH-01.05.2016";"VORSORGE LUXEMBURG";"DE54585200860002284421";"HYVEDEMM437";"-1742,48";"EUR";"Umsatz gebucht"
"43006329";"02.05.16";"30.04.16";"ABSCHLUSS";"Abrechnung 29.04.2016siehe Anlage";"";"";"48050161";"-16,76";"EUR";"Umsatz gebucht"
"43006329";"26.04.16";"26.04.16";"ERSTLASTSCHRIFT";"EREF+1115099206/130427969604MREF+DL-1115099206-000001CRED+DE43ZZZ00000074855SVWZ+Kd 1115099206 Wir sagen danke. RG-Nr. P16015416078 70,35 EUR";"mobilcom-debitel";"DE08214400450844443200";"COBADEFFXXX";"-70,35";"EUR";"Umsatz gebucht"
"43006329";"25.04.16";"25.04.16";"KARTENZAHLUNG";"SVWZ+2016-04-24T08.21.30 Karte1 2018-12ABWA+Aral Bielefeld//Bielefeld/DE";"ARAL AG";"DE95430800830802029200";"DRESDEFF430";"-17,28";"EUR";"Umsatz gebucht"
"43006329";"25.04.16";"25.04.16";"FOLGELASTSCHRIFT";"EREF+ZAHLUNGSBELEG 209112544206MREF+DE000205000610000000000000006118189CRED+DE93ZZZ00000078611SVWZ+MOBILFUNK KUNDENKONTO000051640140 0010191276012711/11.04.16ABWE+Kaba Soft GmbH";"TELEKOM DEUTSCHLAND";"DE68700202700667302269";"HYVEDEMMXXX";"-55,41";"EUR";"Umsatz gebucht"
"43006329";"15.04.16";"18.04.16";"GUTSCHRIFT";"EREF+34900057372381G160414-00E7-12723518SVWZ+StNr 349/5737/2381 Umsatzsteuer Jan. 16 129,39";"STEUERVERWALTUNG NRW";"DE95300500000004051413";"WELADEDDXXX";"129,39";"EUR";"Umsatz gebucht"
"43006329";"14.04.16";"14.04.16";"FOLGELASTSCHRIFT";"EREF+Zahlbeleg 391443719194MREF+DE000201100200000000000000009713925CRED+DE93ZZZ00000078611SVWZ+Rech.Nr. 9613671620 050416 Vertragskonto 5619229189";"Telekom Deutschland GmbH";"DE53360100430595800439";"PBNKDEFFXXX";"-35,20";"EUR";"Umsatz gebucht"
"43006329";"14.04.16";"14.04.16";"FOLGELASTSCHRIFT";"EREF+34900057372381L160412-2863-17857736MREF+NW156672926200CRED+DE14NRW00000098851SVWZ+Stnr 349/5737/2381 Lohnsteuer Mrz. 16 445,33";"STEUERVERWALTUNG NRW";"DE84300500000004061214";"WELADEDDXXX";"-445,33";"EUR";"Umsatz gebucht"
"43006329";"11.04.16";"11.04.16";"KARTENZAHLUNG";"SVWZ+2016-04-08T06.24.24 Karte1 2018-12ABWA+DB REISEZENTRUM//BIELEFELD HBF/DE";"DB Vertrieb GmbH";"DE43120800004084300300";"DRESDEFF120";"-49,00";"EUR";"Umsatz gebucht"
"43006329";"11.04.16";"11.04.16";"KARTENZAHLUNG";"SVWZ+2016-04-10T19.31.40 Karte1 2018-12ABWA+TS BUESCHER.BIELEFELD//Bielefeld/DE";"TS BUESCHERBIELEFELD";"DE13300500000001252402";"WELADEDDXXX";"-43,87";"EUR";"Umsatz gebucht"
"43006329";"07.04.16";"07.04.16";"FOLGELASTSCHRIFT";"EREF+HOSTEUROPEGMBH-SEPA0001376-65450000MREF+DMUM8GDLNHCRED+DE08ZZZ00000352614SVWZ+19300865 V.04.04.16 KDNR. 373999";"HOST EUROPE GMBH";"DE29370501981004142632";"COLSDE33";"-6,49";"EUR";"Umsatz gebucht"
"43006329";"06.04.16";"06.04.16";"ONLINE-UEBERWEISUNG";"SVWZ+Gehalt 04/2016DATUM 06.04.2016, 05.44 UHR1.TAN 002290";"BINTOU MADY KABA";"DE22480501610043719244";"SPBIDE3BXXX";"-3000,00";"EUR";"Umsatz gebucht"
"43006329";"06.04.16";"06.04.16";"SEPA UEBERTRAG HABEN";"SVWZ+Umbuchung";"KABA SOFT GMBH";"DE02480501610087501912";"SPBIDE3BXXX";"5000,00";"EUR";"Umsatz gebucht"
"43006329";"05.04.16";"05.04.16";"KARTENZAHLUNG";"SVWZ+2016-04-04T18.49.17 Karte1 2018-12ABWA+XXXM042XXXMEDIA MAR//BIELEFELD/DE";"MEDIA MARKT SAGT DANKE.";"DE38300500000001107713";"WELADEDDXXX";"-39,00";"EUR";"Umsatz gebucht"
"43006329";"01.04.16";"01.04.16";"ABSCHLUSS";"Abrechnung 31.03.2016siehe Anlage";"";"";"48050161";"-16,62";"EUR";"Umsatz gebucht"
"43006329";"21.03.16";"21.03.16";"KARTENZAHLUNG";"SVWZ+2016-03-19T12.48.48 Karte1 2018-12ABWA+TS BUESCHER.BIELEFELD//Bielefeld/DE";"TS BUESCHERBIELEFELD";"DE13300500000001252402";"WELADEDDXXX";"-42,78";"EUR";"Umsatz gebucht"
"43006329";"21.03.16";"21.03.16";"FOLGELASTSCHRIFT";"EREF+ZAHLUNGSBELEG 203126801078MREF+DE000205000610000000000000006118189CRED+DE93ZZZ00000078611SVWZ+MOBILFUNK KUNDENKONTO000051640140 0010152226012711/08.03.16ABWE+Kaba Soft GmbH";"TELEKOM DEUTSCHLAND";"DE68700202700667302269";"HYVEDEMMXXX";"-55,38";"EUR";"Umsatz gebucht"
"43006329";"16.03.16";"16.03.16";"FOLGELASTSCHRIFT";"EREF+KD10000075261 RG60722433 419MREF+100000752611CRED+DE08ZZZ00000025045SVWZ+12.02.2016 188.36 60722433ABWA+IHK Bielefeld";"Industrie- und Handelskammer Ostwestfalen zu Bielefeld";"DE96480501610000010488";"SPBIDE3BXXX";"-188,36";"EUR";"Umsatz gebucht"
"43006329";"16.03.16";"16.03.16";"EIGENE KREDITKARTENABRECHN.";"15.03.16 5232540435375351";"KREDITKARTENABRECHNUNG";"900484122";"48050161";"-33,54";"EUR";"Umsatz gebucht"
"43006329";"15.03.16";"15.03.16";"FOLGELASTSCHRIFT";"EREF+34900057372381L160311-2823-17336865MREF+NW156672926200CRED+DE14NRW00000098851SVWZ+Stnr 349/5737/2381 Koerperschaftst. 1.Vj.16 2.016,00 Solid.Zuschl.KSt 1.Vj.16 110,00 Lohnsteuer Feb. 16 445,33";"STEUERVERWALTUNG NRW";"DE84300500000004061214";"WELADEDDXXX";"-2571,33";"EUR";"Umsatz gebucht"
"43006329";"14.03.16";"14.03.16";"FOLGELASTSCHRIFT";"EREF+Zahlbeleg 344583670950MREF+DE000201100200000000000000009713925CRED+DE93ZZZ00000078611SVWZ+Rech.Nr. 9613427090 030316 Vertragskonto 5619229189";"Telekom Deutschland GmbH";"DE53360100430595800439";"PBNKDEFFXXX";"-35,80";"EUR";"Umsatz gebucht"
"43006329";"10.03.16";"10.03.16";"ERSTLASTSCHRIFT";"EREF+AID060174113 10.03.1605784MREF+MDT187990001CRED+DE34ZZZ00000111101SVWZ+5784 AID060174113 10.03.16 BI-KK 303";"Direct Line Versiche";"DE82100208900020535520";"HYVEDEMM488";"-1168,80";"EUR";"Umsatz gebucht"
"43006329";"07.03.16";"07.03.16";"KARTENZAHLUNG";"SVWZ+2016-03-04T19.13.00 Karte1 2018-12ABWA+MK Tank Bielefeld//Bielefeld/DE";"MK Tank Bielefeld";"DE51210500000119446000";"HSHNDEHHXXX";"-46,16";"EUR";"Umsatz gebucht"
"43006329";"03.03.16";"03.03.16";"ONLINE-UEBERWEISUNG";"SVWZ+Gehalt 02/2016DATUM 03.03.2016, 10.34 UHR1.TAN 461969";"BINTOU MADY KABA";"DE22480501610043719244";"SPBIDE3BXXX";"-3000,00";"EUR";"Umsatz gebucht"
"43006329";"02.03.16";"03.03.16";"ZINSEN/DIVIDENDE";"DEPOT       44719859  03.03.2016WERTPAPIERZAHLUNG FUER KENN-NR.  855681INTEL CORP.    DL-,001US458140100101152000056126863770";"SPARKASSE BIELEFELD";"900482001";"48050161";"20,26";"EUR";"Umsatz gebucht"
"43006329";"01.03.16";"29.02.16";"ABSCHLUSS";"Abrechnung 29.02.2016siehe Anlage";"";"";"48050161";"-17,55";"EUR";"Umsatz gebucht"
"43006329";"29.02.16";"29.02.16";"KARTENZAHLUNG";"SVWZ+2016-02-28T14.15.53 Karte1 2018-12ABWA+TS BUESCHER.BIELEFELD//Bielefeld/DE";"TS BUESCHERBIELEFELD";"DE13300500000001252402";"WELADEDDXXX";"-24,50";"EUR";"Umsatz gebucht"
"43006329";"29.02.16";"29.02.16";"KARTENZAHLUNG";"SVWZ+2016-02-26T11.04.46 Karte1 2018-12ABWA+DB REISEZENTRUM//BIELEFELD HBF/DE";"DB Vertrieb GmbH";"DE43120800004084300300";"DRESDEFF120";"-88,50";"EUR";"Umsatz gebucht"
"43006329";"22.02.16";"22.02.16";"FOLGELASTSCHRIFT";"EREF+K10073384689/000011/16ZVS15FMREF+DE47480501610043006329CRED+DE09ZZZ00000000001SVWZ+KFZ-STEUER FUER BI KK303 FUER DIE ZEIT VOM 21.02.2016 BIS ZUM 20.02.2017 KASSENZEICHEN K10073384689ABWA+KKR ZENTRALKASSE DES BUNDES";"BUNDESKASSE IN TRIER";"DE47590000000059001050";"MARKDEF1590";"-355,00";"EUR";"Umsatz gebucht"
"43006329";"22.02.16";"22.02.16";"FOLGELASTSCHRIFT";"EREF+ZAHLUNGSBELEG 215009979059MREF+DE000205000610000000000000006118189CRED+DE93ZZZ00000078611SVWZ+MOBILFUNK KUNDENKONTO000051640140 0010111641012711/09.02.16ABWE+Kaba Soft GmbH";"TELEKOM DEUTSCHLAND";"DE68700202700667302269";"HYVEDEMMXXX";"-54,41";"EUR";"Umsatz gebucht"
"43006329";"19.02.16";"22.02.16";"GUTSCHRIFT";"EREF+34900057372381G160218-00D5-11724185SVWZ+StNr 349/5737/2381 Umsatzsteuer Dez. 15 586,00";"STEUERVERWALTUNG NRW";"DE95300500000004051413";"WELADEDDXXX";"586,00";"EUR";"Umsatz gebucht"
"43006329";"18.02.16";"18.02.16";"ONLINE-UEBERWEISUNG";"SVWZ+RE 88-883177DATUM 18.02.2016, 15.41 UHR1.TAN 067624";"Gulp Information Services GmbH";"DE39700400410270167000";"COBADEFFXXX";"-142,80";"EUR";"Umsatz gebucht"
"43006329";"16.02.16";"16.02.16";"EIGENE KREDITKARTENABRECHN.";"15.02.16 5232540435375351";"KREDITKARTENABRECHNUNG";"900484122";"48050161";"-169,95";"EUR";"Umsatz gebucht"
"43006329";"15.02.16";"15.02.16";"FOLGELASTSCHRIFT";"EREF+34900057372381L160211-2781-16462099MREF+NW156672926200CRED+DE14NRW00000098851SVWZ+Stnr 349/5737/2381 Umsatzsteuer SVZ 16 283,42 Lohnsteuer Jan. 16 445,33";"STEUERVERWALTUNG NRW";"DE84300500000004061214";"WELADEDDXXX";"-728,75";"EUR";"Umsatz gebucht"
"43006329";"15.02.16";"15.02.16";"FOLGELASTSCHRIFT";"EREF+817000896595MREF+501010257017001CRED+DE1920000000017669SVWZ+501010257017,1100062680,Gew.St.Vorausz. 2016ABWA+Stadtkasse Bielefeld";"Stadt Bielefeld";"DE09480501610000000026";"SPBIDE3BXXX";"-516,00";"EUR";"Umsatz gebucht"
"43006329";"12.02.16";"12.02.16";"FOLGELASTSCHRIFT";"EREF+Zahlbeleg 323463688117MREF+DE000201100200000000000000009713925CRED+DE93ZZZ00000078611SVWZ+Rech.Nr. 9613181969 030216 Vertragskonto 5619229189";"Telekom Deutschland GmbH";"DE53360100430595800439";"PBNKDEFFXXX";"-40,50";"EUR";"Umsatz gebucht"
"43006329";"11.02.16";"11.02.16";"GUTSCHRIFT";"EREF+000140168397SVWZ+BZ.501010257017,GewSt. 2014ABWA+Stadtverwaltung Bielefeld";"Stadt Bielefeld";"DE09480501610000000026";"SPBIDE3BXXX";"4184,00";"EUR";"Umsatz gebucht"
"43006329";"10.02.16";"10.02.16";"GUTSCHRIFT";"SVWZ+RENR 201600129 VOM 22.01.2016";"GULP CONSULTING SERVICES";"DE30700400410271268500";"COBADEFFXXX";"499,80";"EUR";"Umsatz gebucht"
"43006329";"09.02.16";"09.02.16";"ONLINE-UEBERWEISUNG";"SVWZ+X703942563329XDATUM 09.02.2016, 10.40 UHR1.TAN 584286";"Justizkasse NRW";"DE84440000000041001509";"MARKDEF1440";"-90,00";"EUR";"Umsatz gebucht"
"43006329";"09.02.16";"09.02.16";"ONLINE-UEBERWEISUNG";"SVWZ+RE 090850DATUM 09.02.2016, 10.36 UHR1.TAN 010249";"Africar";"DE56330500000000492223";"WUPSDE33XXX";"-55,00";"EUR";"Umsatz gebucht"
"43006329";"08.02.16";"08.02.16";"KARTENZAHLUNG";"SVWZ+2016-02-05T14.38.53 Karte1 2018-12ABWA+TS BUESCHER.BIELEFELD//Bielefeld/DE";"TS BUESCHERBIELEFELD";"DE13300500000001252402";"WELADEDDXXX";"-50,15";"EUR";"Umsatz gebucht"
"43006329";"05.02.16";"05.02.16";"FOLGELASTSCHRIFT";"EREF+HOSTEUROPEGMBH-SEPA0001296-66120000MREF+DMUM8GDLNHCRED+DE08ZZZ00000352614SVWZ+19079732 V.02.02.16 KDNR. 373999";"HOST EUROPE GMBH";"DE29370501981004142632";"COLSDE33";"-14,40";"EUR";"Umsatz gebucht"
"43006329";"01.02.16";"30.01.16";"ABSCHLUSS";"Abrechnung 29.01.2016siehe Anlage";"";"";"48050161";"-17,91";"EUR";"Umsatz gebucht"
"43006329";"27.01.16";"27.01.16";"ONLINE-UEBERWEISUNG";"SVWZ+Gehalt 01/2016DATUM 27.01.2016, 09.28 UHR1.TAN 755282";"BINTOU MADY KABA";"DE22480501610043719244";"SPBIDE3BXXX";"-3000,00";"EUR";"Umsatz gebucht"
"43006329";"27.01.16";"28.01.16";"DEPOTGEBUEHREN";"DEPOTENTGELT     44719859DEPOTENTGELT VOM01.01.2015 bis 31.12.2015";"SPARKASSE BIELEFELD";"900291709";"48050161";"-17,85";"EUR";"Umsatz gebucht"
"43006329";"25.01.16";"25.01.16";"ONLINE-UEBERWEISUNG";"SVWZ+Rechnung  22.1.2016DATUM 25.01.2016, 17.14 UHR1.TAN 622114";"PALOMO CONSULTORS,SL";"ES3500810130010001061610";"BSABESBBXXX";"-300,00";"EUR";"Umsatz gebucht"
"43006329";"25.01.16";"25.01.16";"FOLGELASTSCHRIFT";"EREF+ZAHLUNGSBELEG 205122606235MREF+DE000205000610000000000000006118189CRED+DE93ZZZ00000078611SVWZ+MOBILFUNK KUNDENKONTO000051640140 0010070795012711/11.01.16ABWE+Kaba Soft GmbH";"TELEKOM DEUTSCHLAND";"DE68700202700667302269";"HYVEDEMMXXX";"-53,37";"EUR";"Umsatz gebucht"
"43006329";"21.01.16";"21.01.16";"KARTENZAHLUNG";"SVWZ+2016-01-20T12.38.04 Karte1 2018-12ABWA+FTS//BIELEFELD/DE";"TOTAL DEUTSCHLAND GM";"DE07100208900355239250";"HYVEDEMM488";"-28,43";"EUR";"Umsatz gebucht"
"43006329";"19.01.16";"19.01.16";"AUTOM.KARTENENTGELTBUCHUNG";"Preis Sparkassencard";"SPARKASSE BIELEFELD";"900932104";"48050161";"-6,00";"EUR";"Umsatz gebucht"
"43006329";"19.01.16";"19.01.16";"EIGENE KREDITKARTENABRECHN.";"18.01.16 5232540435375351";"KREDITKARTENABRECHNUNG";"900484122";"48050161";"-30,00";"EUR";"Umsatz gebucht"
"43006329";"15.01.16";"18.01.16";"GUTSCHRIFT";"EREF+34900057372381G160114-00CH-11192255SVWZ+StNr 349/5737/2381 Umsatzsteuer Nov. 15 153,46";"STEUERVERWALTUNG NRW";"DE95300500000004051413";"WELADEDDXXX";"153,46";"EUR";"Umsatz gebucht"
"43006329";"15.01.16";"15.01.16";"FOLGELASTSCHRIFT";"EREF+Zahlbeleg 358443481975MREF+DE000201100200000000000000009713925CRED+DE93ZZZ00000078611SVWZ+Rech.Nr. 9612936435 060116 Vertragskonto 5619229189";"Telekom Deutschland GmbH";"DE53360100430595800439";"PBNKDEFFXXX";"-35,69";"EUR";"Umsatz gebucht"
"43006329";"14.01.16";"14.01.16";"KARTENZAHLUNG";"SVWZ+2016-01-13T09.32.51 Karte1 2018-12ABWA+DB REISEZENTRUM//BIELEFELD HBF/DE";"DB Vertrieb GmbH";"DE43120800004084300300";"DRESDEFF120";"-18,50";"EUR";"Umsatz gebucht"
"43006329";"14.01.16";"14.01.16";"FOLGELASTSCHRIFT";"EREF+34900057372381L160112-2739-15907192MREF+NW156672926200CRED+DE14NRW00000098851SVWZ+Stnr 349/5737/2381 Lohnsteuer Dez. 15 597,33";"STEUERVERWALTUNG NRW";"DE84300500000004061214";"WELADEDDXXX";"-597,33";"EUR";"Umsatz gebucht"
"43006329";"14.01.16";"14.01.16";"FOLGELASTSCHRIFT";"EREF+Zahlbeleg 330723821884MREF+DE000201100200000000000000009713925CRED+DE93ZZZ00000078611SVWZ+Rech.Nr. 9612690468 031215 Vertragskonto 5619229189";"Telekom Deutschland GmbH";"DE53360100430595800439";"PBNKDEFFXXX";"-57,06";"EUR";"Umsatz gebucht"
"43006329";"13.01.16";"13.01.16";"KARTENZAHLUNG";"SVWZ+2016-01-12T11.08.57 Karte1 2018-12ABWA+TS BUESCHER.BIELEFELD//Bielefeld/DE";"TS BUESCHERBIELEFELD";"DE13300500000001252402";"WELADEDDXXX";"-31,53";"EUR";"Umsatz gebucht"
"43006329";"12.01.16";"12.01.16";"FOLGELASTSCHRIFT";"EREF+HOSTEUROPEGMBH-SEPA0001258-70150000MREF+DMUM8GDLNHCRED+DE08ZZZ00000352614SVWZ+18973502 V.06.01.16 KDNR. 373999";"Host Europe GmbH";"DE29370501981004142632";"COLSDE33";"-6,49";"EUR";"Umsatz gebucht"
"43006329";"07.01.16";"07.01.16";"GUTSCHRIFT";"SVWZ+RE-/KN 8001 10.09.  WARTUNG IWS";"CHEMEC GMBH";"DE83480501610044126225";"SPBIDE3BXXX";"238,00";"EUR";"Umsatz gebucht"
"43006329";"07.01.16";"08.01.16";"GUTSCHRIFT";"EREF+34900057372381G160106-00CB-11079433SVWZ+StNr 349/5737/2381 Koerpersch.St. 14 6.259,00 Solid.Zuschl. 14 340,60";"STEUERVERWALTUNG NRW";"DE95300500000004051413";"WELADEDDXXX";"6599,60";"EUR";"Umsatz gebucht"
"43006329";"06.01.16";"06.01.16";"LASTSCHRIFT";"ELV90546405 05.01 13.11 ME1";"CLOPPENBURG GMBH BIELEFELD";"301938701";"30040000";"-743,74";"EUR";"Umsatz gebucht"
"43006329";"04.01.16";"04.01.16";"SONSTIGER EINZUG";"EC 72510115 311215112301IC1";"TS BUESCHER*BIELEFELD    DE";"1252311";"30050000";"-43,52";"EUR";"Umsatz gebucht"
"43006329";"04.01.16";"04.01.16";"KARTENZAHLUNG";"SVWZ+2015-12-31T11.01.00 Karte1 2018-12ABWA+XXXM042XXXMEDIA MAR//BIELEFELD/DE";"MEDIA MARKT DANKT 65421327";"DE38300500000001107713";"WELADEDDXXX";"-40,98";"EUR";"Umsatz gebucht"
"43006329";"04.01.16";"04.01.16";"ONLINE-UEBERWEISUNG";"SVWZ+Gehalt 12/2015DATUM 02.01.2016, 09.14 UHR1.TAN 439458";"BINTOU MADY KABA";"DE22480501610043719244";"SPBIDE3BXXX";"-3458,67";"EUR";"Umsatz gebucht"
"43006329";"30.12.15";"30.12.15";"ABSCHLUSS";"Abrechnung 29.12.2015siehe Anlage";"";"";"48050161";"-17,23";"EUR";"Umsatz gebucht"
"43006329";"29.12.15";"29.12.15";"ONLINE-UEBERWEISUNG";"SVWZ+Beteiligungan KABA Soft Espana SLDATUM 29.12.2015, 15.24 UHR1.TAN 938711";"KABA Soft Espana SL";"ES0221003502962200243621";"CAIXESBBXXX";"-3000,00";"EUR";"Umsatz gebucht"
"43006329";"28.12.15";"28.12.15";"FOLGELASTSCHRIFT";"EREF+34900057372381L151222-2717-15478450MREF+NW156672926200CRED+DE14NRW00000098851SVWZ+Stnr 349/5737/2381 Umsatzsteuer 2014 12,21";"STEUERVERWALTUNG NRW";"DE84300500000004061214";"WELADEDDXXX";"-12,21";"EUR";"Umsatz gebucht"
"43006329";"23.12.15";"23.12.15";"SEPA UEBERTRAG HABEN";"SVWZ+Umbuchung";"KABA SOFT GMBH";"DE02480501610087501912";"SPBIDE3BXXX";"10000,00";"EUR";"Umsatz gebucht"
"43006329";"23.12.15";"23.12.15";"ONLINE-UEBERWEISUNG";"SVWZ+RE 81008701DATUM 23.12.2015, 16.45 UHR1.TAN 775935";"Bundesanzeiger Verlag";"DE57370100500000399509";"PBNKDEFFXXX";"-30,94";"EUR";"Umsatz gebucht"
"43006329";"22.12.15";"22.12.15";"FOLGELASTSCHRIFT";"EREF+ZAHLUNGSBELEG 215009244463MREF+DE000205000610000000000000006118189CRED+DE93ZZZ00000078611SVWZ+MOBILFUNK KUNDENKONTO000051640140 0010029719012711/10.12.15ABWE+Kaba Soft GmbH";"TELEKOM DEUTSCHLAND";"DE68700202700667302269";"HYVEDEMMXXX";"-57,55";"EUR";"Umsatz gebucht"
"43006329";"17.12.15";"17.12.15";"SONSTIGER EINZUG";"EC 72510115 161215093355IC1";"TS BUESCHER*BIELEFELD    DE";"1252311";"30050000";"-68,08";"EUR";"Umsatz gebucht"
"43006329";"16.12.15";"16.12.15";"FOLGELASTSCHRIFT";"EREF+34900057372381L151214-2705-15438057MREF+NW156672926200CRED+DE14NRW00000098851SVWZ+Stnr 349/5737/2381 Umsatzsteuer Okt. 15 842,49";"STEUERVERWALTUNG NRW";"DE84300500000004061214";"WELADEDDXXX";"-842,49";"EUR";"Umsatz gebucht"
"43006329";"16.12.15";"16.12.15";"EIGENE KREDITKARTENABRECHN.";"15.12.15 5232540435375351";"KREDITKARTENABRECHNUNG";"900484122";"48050161";"-118,76";"EUR";"Umsatz gebucht"
"43006329";"15.12.15";"15.12.15";"FOLGELASTSCHRIFT";"EREF+34900057372381L151211-2703-15379875MREF+NW156672926200CRED+DE14NRW00000098851SVWZ+Stnr 349/5737/2381 Koerperschaftst. 4.Vj.15 2.016,00 Solid.Zuschl.KSt 4.Vj.15 110,00 Lohnsteuer Nov. 15 1.913,66";"STEUERVERWALTUNG NRW";"DE84300500000004061214";"WELADEDDXXX";"-4039,66";"EUR";"Umsatz gebucht"
"43006329";"09.12.15";"09.12.15";"LASTSCHRIFT";"081218321179315181221114300OLV71010346 08.12 18.32 ME1";"ARAL BIELEFEL KIRCHDORNBERG";"1609114";"30050000";"-32,08";"EUR";"Umsatz gebucht"
"43006329";"08.12.15";"08.12.15";"ONLINE-UEBERWEISUNG";"SVWZ+RE Nr 367 vom 20.11.2015DATUM 07.12.2015, 23.01 UHR1.TAN 810565";"Kanzlei Fuchs";"DE23480501610021152855";"SPBIDE3BXXX";"-1586,98";"EUR";"Umsatz gebucht"
"43006329";"03.12.15";"03.12.15";"ONLINE-UEBERWEISUNG";"SVWZ+ RE 1502690DATUM 03.12.2015, 17.44 UHR1.TAN 423078";"Schl�ter Riedenklau & Kollegen";"DE12480501610072205511";"SPBIDE3BXXX";"-203,38";"EUR";"Umsatz gebucht"
"43006329";"03.12.15";"03.12.15";"ONLINE-UEBERWEISUNG";"SVWZ+Gehalt 11/2015DATUM 03.12.2015, 17.31 UHR1.TAN 422933";"BINTOU MADY KABA";"DE22480501610043719244";"SPBIDE3BXXX";"-3458,67";"EUR";"Umsatz gebucht"
"43006329";"03.12.15";"03.12.15";"SEPA UEBERTRAG HABEN";"SVWZ+Umbuchung";"KABA SOFT GMBH";"DE02480501610087501912";"SPBIDE3BXXX";"10000,00";"EUR";"Umsatz gebucht"
"43006329";"02.12.15";"02.12.15";"SONSTIGER EINZUG";"EC 72510115 011215161555IC1";"TS BUESCHER*BIELEFELD    DE";"1252311";"30050000";"-38,09";"EUR";"Umsatz gebucht"
"43006329";"02.12.15";"03.12.15";"ZINSEN/DIVIDENDE";"DEPOT       44719859  03.12.2015WERTPAPIERZAHLUNG FUER KENN-NR.  855681INTEL CORP.    DL-,001US458140100101152000083519202140";"SPARKASSE BIELEFELD";"900482001";"48050161";"19,18";"EUR";"Umsatz gebucht"
"43006329";"01.12.15";"01.12.15";"GELDAUTOMAT";"01.12/15.56UHR SKBI-25/1";"GA NR00002221 BLZ48050161 1";"";"48050161";"-250,00";"EUR";"Umsatz gebucht"
"43006329";"01.12.15";"01.12.15";"FOLGELASTSCHRIFT";"EREF+ZAHLBELEG 007512330065MREF+PM000002070840CRED+DE80PVL00000107460SVWZ+FirmenRente L103781314 Kaba, Bintou Mady 01.12.2015";"Provinzial NordWest";"DE68300500000000061028";"WELADEDDXXX";"-2640,00";"EUR";"Umsatz gebucht"
"43006329";"01.12.15";"01.12.15";"ABSCHLUSS";"Abrechnung 30.11.2015siehe Anlage";"";"";"48050161";"-17,73";"EUR";"Umsatz gebucht"
"43006329";"30.11.15";"30.11.15";"GUTSCHRIFT";"EREF+D116478SVWZ+Erstattg.Sto.RG 2015-132305KDNR D116478";"getinternet GmbH";"DE35585601030000182019";"GENODED1TVB";"12,92";"EUR";"Umsatz gebucht"
"43006329";"26.11.15";"26.11.15";"ONLINE-UEBERWEISUNG";"SVWZ+X703839423321XDATUM 26.11.2015, 12.01 UHR1.TAN 996994";"Justizkasse NRW";"DE84440000000041001509";"MARKDEF1440";"-70,00";"EUR";"Umsatz gebucht"
"43006329";"23.11.15";"23.11.15";"SONSTIGER EINZUG";"EC 72510115 221115100254IC1";"TS BUESCHER*BIELEFELD    DE";"1252311";"30050000";"-57,02";"EUR";"Umsatz gebucht"
"43006329";"23.11.15";"23.11.15";"FOLGELASTSCHRIFT";"EREF+ZAHLUNGSBELEG 210008767574MREF+DE000205000610000000000000006118189CRED+DE93ZZZ00000078611SVWZ+MOBILFUNK KUNDENKONTO000051640140 0001276424000065/11.11.15 0009988291012711/09.11.15ABWE+Kaba Soft GmbH";"TELEKOM DEUTSCHLAND";"DE68700202700667302269";"HYVEDEMMXXX";"-59,18";"EUR";"Umsatz gebucht"
"43006329";"20.11.15";"20.11.15";"ONLINE-UEBERWEISUNG";"SVWZ+RE Nr 363DATUM 20.11.2015, 13.08 UHR1.TAN 815328";"Kanzlei Fuchs";"DE23480501610021152855";"SPBIDE3BXXX";"-719,36";"EUR";"Umsatz gebucht"
"43006329";"20.11.15";"20.11.15";"ONLINE-UEBERWEISUNG";"SVWZ+RE 1502557 1502592DATUM 20.11.2015, 12.55 UHR1.TAN 297482";"Schl�ter Riedenklau & Kollegen";"DE12480501610072205511";"SPBIDE3BXXX";"-276,21";"EUR";"Umsatz gebucht"
"43006329";"17.11.15";"17.11.15";"EIGENE KREDITKARTENABRECHN.";"16.11.15 5232540435375351";"KREDITKARTENABRECHNUNG";"900484122";"48050161";"-638,98";"EUR";"Umsatz gebucht"
"43006329";"16.11.15";"16.11.15";"SONSTIGER EINZUG";"EC 72516188 131115142509IC1";"TANKSTELLE BUESCHER BIELEDE";"1252311";"30050000";"-55,82";"EUR";"Umsatz gebucht"
"43006329";"16.11.15";"16.11.15";"SEPA-ELV-LASTSCHRIFT";"EREF+T015111254604530006223MREF+5460453046431511121542CRED+DE65ZZZ00000210259SVWZ+ELV54604530 12.11 15.42 ME2";"DEUTSCHE POST AG";"DE41380700590028000811";"DEUTDEDK380";"-41,77";"EUR";"Umsatz gebucht"
"43006329";"16.11.15";"16.11.15";"FOLGELASTSCHRIFT";"EREF+817000847443MREF+501010257017001CRED+DE1920000000017669SVWZ+501010257017,1100062680,Gew.St.Vorausz. 2015ABWA+Stadtkasse Bielefeld";"Stadt Bielefeld";"DE09480501610000000026";"SPBIDE3BXXX";"-722,00";"EUR";"Umsatz gebucht"
"43006329";"13.11.15";"13.11.15";"FOLGELASTSCHRIFT";"EREF+34900057372381L151111-2659-14551481MREF+NW156672926200CRED+DE14NRW00000098851SVWZ+Stnr 349/5737/2381 Umsatzsteuer Sept.15 384,78 Lohnsteuer Okt. 15 641,33";"STEUERVERWALTUNG NRW";"DE84300500000004061214";"WELADEDDXXX";"-1026,11";"EUR";"Umsatz gebucht"
"43006329";"13.11.15";"13.11.15";"SONSTIGER EINZUG";"EC 60983386 121115153157IC1";"GETRAENKE CENTER";"67019182";"48050161";"-3,89";"EUR";"Umsatz gebucht"
"43006329";"12.11.15";"12.11.15";"KARTENZAHLUNG";"SVWZ+2015-11-11T10.46.10 Karte1 2018-12ABWA+XXXM042XXXMEDIA MAR//BIELEFELD/DE";"MEDIA MARKT DANKT 65421228";"DE38300500000001107713";"WELADEDDXXX";"-64,99";"EUR";"Umsatz gebucht"
"43006329";"10.11.15";"10.11.15";"LASTSCHRIFT";"091107511173496181221114300OLV71010346 09.11 07.51 ME1";"ARAL BIELEFEL KIRCHDORNBERG";"1609114";"30050000";"-29,35";"EUR";"Umsatz gebucht"
"43006329";"04.11.15";"04.11.15";"ONLINE-UEBERWEISUNG";"SVWZ+RE11040/5443DATUM 04.11.2015, 08.54 UHR1.TAN 314082";"Praxis Dr. med. Rainer  Wienkamp";"DE06480501610025494881";"SPBIDE3BXXX";"-223,38";"EUR";"Umsatz gebucht"
"43006329";"02.11.15";"02.11.15";"ONLINE-UEBERWEISUNG";"SVWZ+Factura 1-1002666DATUM 02.11.2015, 14.00 UHR1.TAN 036941";"Palomo Consultors, S.L";"ES3500810130010001061610";"BSABESBBXXX";"-400,00";"EUR";"Umsatz gebucht"
"43006329";"02.11.15";"02.11.15";"ONLINE-UEBERWEISUNG";"SVWZ+Gehalt 10/2015DATUM 02.11.2015, 13.43 UHR1.TAN 970382";"BINTOU MADY KABA";"DE22480501610043719244";"SPBIDE3BXXX";"-3458,67";"EUR";"Umsatz gebucht"
"43006329";"02.11.15";"02.11.15";"LASTSCHRIFT";"011117451227871181228174300OLV71015627 01.11 17.45 ME1";"ARAL BIELEFEL JOELLENBECKER";"1609114";"30050000";"-41,37";"EUR";"Umsatz gebucht"
"43006329";"02.11.15";"02.11.15";"FOLGELASTSCHRIFT";"EREF+I150001128456MREF+M-C1002826309-0001CRED+DE63ZZZ00000015422SVWZ+Hetzner Online GmbH -I150001128456";"Hetzner Online AG";"DE44701600000000142108";"GENODEFF701";"-11,90";"EUR";"Umsatz gebucht"
"43006329";"02.11.15";"01.11.15";"ABSCHLUSS";"Abrechnung 30.10.2015siehe Anlage";"";"";"48050161";"-17,37";"EUR";"Umsatz gebucht"
"43006329";"30.10.15";"30.10.15";"ERSTLASTSCHRIFT";"EREF+D116478MREF+20-000007525CRED+DE62ZZZ00001454920SVWZ+KdNr D116478,21.10.152015-128973 12,92";"getinternet GmbH";"DE35585601030000182019";"GENODED1TVB";"-12,92";"EUR";"Umsatz gebucht"
"43006329";"26.10.15";"26.10.15";"SONSTIGER EINZUG";"EC 72510115 231015095104IC1";"TS BUESCHER*BIELEFELD    DE";"1252311";"30050000";"-10,50";"EUR";"Umsatz gebucht"
"43006329";"26.10.15";"26.10.15";"SONSTIGER EINZUG";"EC 72510115 231015094914OC1";"TS BUESCHER*BIELEFELD    DE";"1252311";"30050000";"-48,84";"EUR";"Umsatz gebucht"
"43006329";"21.10.15";"21.10.15";"FOLGELASTSCHRIFT";"EREF+ZAHLUNGSBELEG 202126044515MREF+DE000205000610000000000000006118189CRED+DE93ZZZ00000078611SVWZ+MOBILFUNK KUNDENKONTO000051640140 0009946444012711/09.10.15ABWE+Kaba Soft GmbH";"TELEKOM DEUTSCHLAND";"DE68700202700667302269";"HYVEDEMMXXX";"-53,25";"EUR";"Umsatz gebucht"
"43006329";"20.10.15";"20.10.15";"ONLINE-UEBERWEISUNG";"SVWZ+0586080771403 Steuernummer 349/5737/2406DATUM 19.10.2015, 23.08 UHR1.TAN 816686";"Finanzkasse Bielefeld Aussenstadt";"DE23480501610000180000";"SPBIDE3BXXX";"-9,00";"EUR";"Umsatz gebucht"
"43006329";"16.10.15";"16.10.15";"SONSTIGER EINZUG";"EC 72510115 151015142149IC1";"TS BUESCHER*BIELEFELD    DE";"1252311";"30050000";"-55,00";"EUR";"Umsatz gebucht"
"43006329";"16.10.15";"16.10.15";"FOLGELASTSCHRIFT";"EREF+34900057372381L151014-2619-13948332MREF+NW156672926200CRED+DE14NRW00000098851SVWZ+Stnr 349/5737/2381 Umsatzsteuer Aug. 15 430,43";"STEUERVERWALTUNG NRW";"DE84300500000004061214";"WELADEDDXXX";"-430,43";"EUR";"Umsatz gebucht"
"43006329";"15.10.15";"15.10.15";"FOLGELASTSCHRIFT";"EREF+34900057372381L151013-2617-13917579MREF+NW156672926200CRED+DE14NRW00000098851SVWZ+Stnr 349/5737/2381 Lohnsteuer Sept.15 641,33";"STEUERVERWALTUNG NRW";"DE84300500000004061214";"WELADEDDXXX";"-641,33";"EUR";"Umsatz gebucht"
"43006329";"08.10.15";"08.10.15";"ONLINE-UEBERWEISUNG";"SVWZ+0095771188704 RE vom29.09.15DATUM 08.10.2015, 09.17 UHR1.TAN 179959";"Telekom Deutschland GmbH";"DE53360100430595800439";"PBNKDEFFXXX";"-50,13";"EUR";"Umsatz gebucht"
"43006329";"07.10.15";"07.10.15";"FOLGELASTSCHRIFT";"EREF+HOSTEUROPEGMBH-SEPA0001124-11357000MREF+DMUM8GDLNHCRED+DE08ZZZ00000352614SVWZ+18652719 V.02.10.15 KDNR. 373999";"Host Europe GmbH";"DE29370501981004142632";"COLSDE33";"-6,49";"EUR";"Umsatz gebucht"
"43006329";"05.10.15";"05.10.15";"LASTSCHRIFT";"021019161183669181221079800OLV71012036 02.10 19.16 ME1";"ARAL WERTHER BIELEFELDER ST";"1609114";"30050000";"-51,56";"EUR";"Umsatz gebucht"
"43006329";"05.10.15";"05.10.15";"GUTSCHRIFT";"SVWZ+GSNR 44-856068 VOM 15.09.2015 8-769759 ABZGL. 3p. SKONTO";"GULP CONSULTING SERVICES";"DE30700400410271268500";"COBADEFFXXX";"12174,63";"EUR";"Umsatz gebucht"
"43006329";"02.10.15";"02.10.15";"ONLINE-UEBERWEISUNG";"SVWZ+Gehalt 09/2015DATUM 02.10.2015, 08.07 UHR1.TAN 337032";"BINTOU MADY KABA";"DE22480501610043719244";"SPBIDE3BXXX";"-3458,67";"EUR";"Umsatz gebucht"
"43006329";"01.10.15";"01.10.15";"FOLGELASTSCHRIFT";"MREF+01656704CRED+DE66ZZZ00000063771SVWZ+KD 01656704 RG 55579683";"Pollin Electronic GmbH";"DE64721698310300124001";"GENODEF1RBL";"-162,79";"EUR";"Umsatz gebucht"
"43006329";"01.10.15";"01.10.15";"FOLGELASTSCHRIFT";"EREF+KD10000075261 RG60671484 598MREF+100000752611CRED+DE08ZZZ00000025045SVWZ+28.08.2015 11.06 60671484ABWA+IHK Bielefeld";"Industrie- und Handelskammer Ostwestfalen zu Bielefeld";"DE96480501610000010488";"SPBIDE3BXXX";"-11,06";"EUR";"Umsatz gebucht"
"43006329";"01.10.15";"01.10.15";"ABSCHLUSS";"Abrechnung 30.09.2015siehe Anlage";"";"";"48050161";"-16,30";"EUR";"Umsatz gebucht"
"43006329";"29.09.15";"29.09.15";"GUTSCHRIFT";"SVWZ+GSNR 44-854953 VOM 10.09.2015 8-769759 ABZGL. 3p. SKONTO";"GULP CONSULTING SERVICES";"DE30700400410271268500";"COBADEFFXXX";"3043,66";"EUR";"Umsatz gebucht"
"43006329";"28.09.15";"28.09.15";"ONLINE-UEBERWEISUNG";"SVWZ+RE Nr 072/2015 vom 17.02.2015DATUM 28.09.2015, 13.08 UHR1.TAN 325247";"Kanzlei Fuchs";"DE23480501610021152855";"SPBIDE3BXXX";"-86,28";"EUR";"Umsatz gebucht"
"43006329";"28.09.15";"28.09.15";"SONSTIGER EINZUG";"EC 65525999 250915144452IC1";"ATG AUTOTEILE GERASCH";"1458819";"30050000";"-25,12";"EUR";"Umsatz gebucht"
"43006329";"24.09.15";"24.09.15";"LASTSCHRIFT";"230918361165058181221114300OLV71010346 23.09 18.36 ME1";"ARAL BIELEFEL KIRCHDORNBERG";"1609114";"30050000";"-44,92";"EUR";"Umsatz gebucht"
"43006329";"21.09.15";"21.09.15";"FOLGELASTSCHRIFT";"EREF+ZAHLUNGSBELEG 210007958330MREF+DE000205000610000000000000006118189CRED+DE93ZZZ00000078611SVWZ+MOBILFUNK KUNDENKONTO000051640140 0009904155012711/09.09.15ABWE+Kaba Soft GmbH";"TELEKOM DEUTSCHLAND";"DE68700202700667302269";"HYVEDEMMXXX";"-59,13";"EUR";"Umsatz gebucht"
"43006329";"18.09.15";"18.09.15";"ONLINE-UEBERWEISUNG";"SVWZ+Gehalt 08-2015DATUM 17.09.2015, 23.10 UHR1.TAN 566451";"BINTOU MADY KABA";"DE22480501610043719244";"SPBIDE3BXXX";"-3458,67";"EUR";"Umsatz gebucht"
"43006329";"17.09.15";"17.09.15";"KARTENZAHLUNG";"SVWZ+2015-09-16T11.35.14 Karte1 2018-12ABWA+AHC AUTOHAUS CLOPPENBURG//Bielefel/DE";"AHC AUTOHAUS CLOPPENBURG";"DE57480800200206858800";"DRESDEFF480";"-371,14";"EUR";"Umsatz gebucht"
"43006329";"17.09.15";"17.09.15";"ONLINE-UEBERWEISUNG";"SVWZ+X700738783302X X703744703327XDATUM 16.09.2015, 22.49 UHR1.TAN 125032";"Justizkasse NRW";"DE84440000000041001509";"MARKDEF1440";"-40,00";"EUR";"Umsatz gebucht"
"43006329";"15.09.15";"15.09.15";"FOLGELASTSCHRIFT";"EREF+34900057372381L150912-2573-13404666MREF+NW156672926200CRED+DE14NRW00000098851SVWZ+Stnr 349/5737/2381 Betrag wird mit gesondertem Schreiben (Stand 12.09.2015)erlaeutert.";"STEUERVERWALTUNG NRW";"DE84300500000004061214";"WELADEDDXXX";"-4859,26";"EUR";"Umsatz gebucht"
"43006329";"02.09.15";"03.09.15";"ZINSEN/DIVIDENDE";"DEPOT       44719859  03.09.2015WERTPAPIERZAHLUNG FUER KENN-NR.  855681INTEL CORP.    DL-,001US458140100101152000074409515760";"SPARKASSE BIELEFELD";"900482001";"48050161";"18,05";"EUR";"Umsatz gebucht"
"43006329";"01.09.15";"01.09.15";"ABSCHLUSS";"Abrechnung 31.08.2015siehe Anlage";"";"";"48050161";"-18,09";"EUR";"Umsatz gebucht"
"43006329";"31.08.15";"31.08.15";"SONSTIGER EINZUG";"EC 74023035 290815173354IC1";"FTS    BIELEFELD";"355239250";"10020890";"-22,94";"EUR";"Umsatz gebucht"
"43006329";"31.08.15";"31.08.15";"ONLINE-UEBERWEISUNG";"SVWZ+Gehalt 07/2017DATUM 30.08.2015, 21.28 UHR1.TAN 806051";"BINTOU MADY KABA";"DE22480501610043719244";"SPBIDE3BXXX";"-3458,67";"EUR";"Umsatz gebucht"
"43006329";"31.08.15";"31.08.15";"ONLINE-UEBERWEISUNG";"SVWZ+ 0095768717628 RE vom 30.07.15 und  28.08.15  Abzgl Gutschrift vom  06.08.15DATUM 30.08.2015, 21.21 UHR1.TAN 407113";"Telekom Deutschland GmbH";"DE53360100430595800439";"PBNKDEFFXXX";"-47,11";"EUR";"Umsatz gebucht"
"43006329";"26.08.15";"26.08.15";"SONSTIGER EINZUG";"EC 68083504 240815204338OC1";"SMART STAY HOTEL FRANKFURDE";"555648504";"37010050";"-176,00";"EUR";"Umsatz gebucht"
"43006329";"25.08.15";"25.08.15";"KARTENZAHLUNG";"SVWZ+2015-08-24T06.22.06 Karte1 2018-12ABWA+DB REISEZENTRUM//BIELEFELD HBF/DE";"HAMBURG HBF 500173";"DE43120800004084300300";"DRESDEFF120";"-104,50";"EUR";"Umsatz gebucht"
"43006329";"24.08.15";"24.08.15";"GUTSCHRIFT";"SVWZ+GSNR 44-841805 VOM 04.08.2015 7-769759 ABZGL. 3p. SKONTO";"GULP CONSULTING SERVICES";"DE30700400410271268500";"COBADEFFXXX";"3804,57";"EUR";"Umsatz gebucht"
"43006329";"24.08.15";"24.08.15";"FOLGELASTSCHRIFT";"EREF+ZAHLUNGSBELEG 214007863161MREF+DE000205000610000000000000006118189CRED+DE93ZZZ00000078611SVWZ+MOBILFUNK KUNDENKONTO000051640140 0009861529012711/11.08.15ABWE+Kaba Soft GmbH";"TELEKOM DEUTSCHLAND";"DE68700202700667302269";"HYVEDEMMXXX";"-49,75";"EUR";"Umsatz gebucht"
"43006329";"19.08.15";"19.08.15";"SONSTIGER EINZUG";"EC 68083504 170815194047OC1";"SMART STAY HOTEL FRANKFURDE";"555648504";"37010050";"-196,00";"EUR";"Umsatz gebucht"
"43006329";"18.08.15";"18.08.15";"KARTENZAHLUNG";"SVWZ+2015-08-17T06.21.47 Karte1 2018-12ABWA+DB REISEZENTRUM//BIELEFELD HBF/DE";"HAMBURG HBF 500173";"DE43120800004084300300";"DRESDEFF120";"-104,50";"EUR";"Umsatz gebucht"
"43006329";"18.08.15";"18.08.15";"EIGENE KREDITKARTENABRECHN.";"17.08.15 5232540435375351";"KREDITKARTENABRECHNUNG";"900484122";"48050161";"-266,09";"EUR";"Umsatz gebucht"
"43006329";"17.08.15";"17.08.15";"LASTSCHRIFT";"150820541166061181228172800OLV71016147 15.08 20.54 ME1";"ARAL BIELEFEL HERFORDER STR";"1609114";"30050000";"-59,40";"EUR";"Umsatz gebucht"
"43006329";"17.08.15";"17.08.15";"FOLGELASTSCHRIFT";"EREF+010000920429MREF+501010257017001CRED+DE1920000000017669SVWZ+501010257017,1100062680,Gew.St.Vorausz. 2015ABWA+Stadtkasse Bielefeld";"Stadt Bielefeld";"DE09480501610000000026";"SPBIDE3BXXX";"-722,00";"EUR";"Umsatz gebucht"
"43006329";"17.08.15";"17.08.15";"ONLINE-UEBERWEISUNG";"SVWZ+RE 88-880489DATUM 16.08.2015, 16.32 UHR1.TAN 913447";"Gul Informations Services GmbH";"DE39700400410270167000";"COBADEFFXXX";"-142,80";"EUR";"Umsatz gebucht"
"43006329";"14.08.15";"14.08.15";"FOLGELASTSCHRIFT";"EREF+34900057372381L150812-2529-12603591MREF+NW156672926200CRED+DE14NRW00000098851SVWZ+Stnr 349/5737/2381 Umsatzsteuer Juni 15 1.305,95";"STEUERVERWALTUNG NRW";"DE84300500000004061214";"WELADEDDXXX";"-1305,95";"EUR";"Umsatz gebucht"
"43006329";"13.08.15";"13.08.15";"FOLGELASTSCHRIFT";"EREF+34900057372381L150811-2527-12563120MREF+NW156672926200CRED+DE14NRW00000098851SVWZ+Stnr 349/5737/2381 Lohnsteuer Juli 15 641,33";"STEUERVERWALTUNG NRW";"DE84300500000004061214";"WELADEDDXXX";"-641,33";"EUR";"Umsatz gebucht"
"43006329";"12.08.15";"12.08.15";"SONSTIGER EINZUG";"EC 68083504 100815191845OC1";"SMART STAY HOTEL FRANKFURDE";"555648504";"37010050";"-196,00";"EUR";"Umsatz gebucht"
"43006329";"11.08.15";"11.08.15";"KARTENZAHLUNG";"SVWZ+2015-08-10T06.24.31 Karte1 2018-12ABWA+DB REISEZENTRUM//BIELEFELD HBF/DE";"HAMBURG HBF 500173";"DE43120800004084300300";"DRESDEFF120";"-104,50";"EUR";"Umsatz gebucht"
"43006329";"05.08.15";"05.08.15";"FOLGELASTSCHRIFT";"MREF+01656704CRED+DE66ZZZ00000063771SVWZ+KD 01656704 RG 55488142";"Pollin Electronic GmbH";"DE64721698310300124001";"GENODEF1RBL";"-130,73";"EUR";"Umsatz gebucht"
"43006329";"04.08.15";"04.08.15";"SONSTIGER EINZUG";"EC 59011199 030815063518OC1";"DEUTSCHE BAHN BIELEFELD HB";"4084300310";"12080000";"-110,00";"EUR";"Umsatz gebucht"
"43006329";"03.08.15";"01.08.15";"ABSCHLUSS";"Abrechnung 31.07.2015siehe Anlage";"";"";"48050161";"-17,55";"EUR";"Umsatz gebucht"
"43006329";"29.07.15";"29.07.15";"SONSTIGER EINZUG";"EC 68083504 270715193620OC1";"SMART STAY HOTEL FRANKFURDE";"555648504";"37010050";"-185,00";"EUR";"Umsatz gebucht"
"43006329";"28.07.15";"28.07.15";"SONSTIGER EINZUG";"EC 59011199 270715062447OC1";"DEUTSCHE BAHN BIELEFELD HB";"4084300310";"12080000";"-110,00";"EUR";"Umsatz gebucht"
"43006329";"28.07.15";"28.07.15";"LASTSCHRIFT";"260716301154245181221114300OLV71010346 26.07 16.30 ME1";"ARAL BIELEFEL KIRCHDORNBERG";"1609114";"30050000";"-17,71";"EUR";"Umsatz gebucht"
"43006329";"24.07.15";"24.07.15";"SONSTIGER EINZUG";"EC 65421228 230715125023IC1";"MEDIA MARKT DANKT 65421228";"1107713";"30050000";"-179,00";"EUR";"Umsatz gebucht"
"43006329";"23.07.15";"23.07.15";"ONLINE-UEBERWEISUNG";"SVWZ+Rechnung Juli vom 29.06.2015 Kundennr 179 069 3977 Buchungskonto 561 216 0861DATUM 23.07.2015, 11.09 UHR1.TAN 095371";"Telekom Deutschland GmbH";"DE53360100430595800439";"PBNKDEFFXXX";"-99,89";"EUR";"Umsatz gebucht"
"43006329";"21.07.15";"21.07.15";"GUTSCHRIFT";"SVWZ+GSNR 44-830460 VOM 02.07.2015 6-769759 ABZGL. 3p. SKONTO";"GULP CONSULTING SERVICES";"DE30700400410271268500";"COBADEFFXXX";"13696,46";"EUR";"Umsatz gebucht"
"43006329";"20.07.15";"20.07.15";"SONSTIGER EINZUG";"EC 75094741 170715150401IC1";"TS B TH BALLWEG";"626403620";"20030000";"-56,48";"EUR";"Umsatz gebucht"
"43006329";"20.07.15";"20.07.15";"FOLGELASTSCHRIFT";"EREF+ZAHLUNGSBELEG 210007159950MREF+DE000205000610000000000000006118189CRED+DE93ZZZ00000078611SVWZ+MOBILFUNK KUNDENKONTO000051640140 0009818574012711/08.07.15ABWE+Kaba Soft GmbH";"TELEKOM DEUTSCHLAND";"DE68700202700667302269";"HYVEDEMMXXX";"-48,99";"EUR";"Umsatz gebucht"
"43006329";"16.07.15";"16.07.15";"FOLGELASTSCHRIFT";"EREF+34900057372381L150714-2487-12061508MREF+NW156672926200CRED+DE14NRW00000098851SVWZ+Stnr 349/5737/2381 Umsatzsteuer Mai 15 2.041,86";"STEUERVERWALTUNG NRW";"DE84300500000004061214";"WELADEDDXXX";"-2041,86";"EUR";"Umsatz gebucht"
"43006329";"16.07.15";"16.07.15";"EIGENE KREDITKARTENABRECHN.";"15.07.15 5232540435375351";"KREDITKARTENABRECHNUNG";"900484122";"48050161";"-0,59";"EUR";"Umsatz gebucht"
"43006329";"15.07.15";"15.07.15";"FOLGELASTSCHRIFT";"EREF+34900057372381L150713-2485-12019788MREF+NW156672926200CRED+DE14NRW00000098851SVWZ+Stnr 349/5737/2381 Lohnsteuer Juni 15 641,33";"STEUERVERWALTUNG NRW";"DE84300500000004061214";"WELADEDDXXX";"-641,33";"EUR";"Umsatz gebucht"
"43006329";"14.07.15";"14.07.15";"ONLINE-UEBERWEISUNG";"SVWZ+DankeDATUM 14.07.2015, 11.25 UHR1.TAN 581176";"Barry Abdoul Aziz";"ES5121000019420106821199";"CAIXESBBXXX";"-290,00";"EUR";"Umsatz gebucht"
"43006329";"13.07.15";"13.07.15";"FOLGELASTSCHRIFT";"EREF+2033388-0-0000 RCUR2015-07-13MREF+2033388-0-0000-001CRED+DE05CON00000154303SVWZ+203338800000 GEWERBE FAEL.V.09.07.15-09.07.2016 AM SCHWARZBACH 1, 33739 BIELEFELDABWA+CONCORDIA VERSICHERUNGEN";"Concordia Versicherungs- Gesellschaft a.G.";"DE30250500000101412666";"NOLADE2HXXX";"-278,91";"EUR";"Umsatz gebucht"
"43006329";"07.07.15";"07.07.15";"FOLGELASTSCHRIFT";"EREF+HOSTEUROPEGMBH-SEPA0000988-10171000MREF+DMUM8GDLNHCRED+DE08ZZZ00000352614SVWZ+18331780 V.01.07.15 KDNR. 373999";"Host Europe GmbH";"DE29370501981004142632";"COLSDE33";"-6,49";"EUR";"Umsatz gebucht"
"43006329";"03.07.15";"03.07.15";"FOLGELASTSCHRIFT";"EREF+443245MREF+1402663/1CRED+DE89ZZZ00000773591SVWZ+ReNr 443245ABWA+PCE Net GmbHABWE+KABA Soft GmbH";"PCE - Net Personal Computer Equipement and Net. GmbH";"DE53500502010200444352";"HELADEF1822";"-426,97";"EUR";"Umsatz gebucht"
"43006329";"02.07.15";"02.07.15";"ONLINE-UEBERWEISUNG";"SVWZ+Gehalt 06/2015DATUM 02.07.2015, 09.58 UHR1.TAN 813079";"BINTOU MADY KABA";"DE22480501610043719244";"SPBIDE3BXXX";"-3458,67";"EUR";"Umsatz gebucht"
"43006329";"01.07.15";"01.07.15";"ABSCHLUSS";"Abrechnung 30.06.2015siehe Anlage";"";"";"48050161";"-19,72";"EUR";"Umsatz gebucht"
"43006329";"30.06.15";"30.06.15";"ONLINE-UEBERWEISUNG";"SVWZ+MIETE 07/2015DATUM 30.06.2015, 07.30 UHR1.TAN 019675";"BINTOU MADY KABA";"DE22480501610043719244";"SPBIDE3BXXX";"-720,00";"EUR";"Umsatz gebucht"
"43006329";"29.06.15";"29.06.15";"ONLINE-UEBERWEISUNG";"SVWZ+Hauptdarlehennummer 6203901008DATUM 29.06.2015, 11.44 UHR1.TAN 460323";"DSL BANK Friedrich-Ebert-Allee 114-126";"DE47380107006203901024";"PBNKDEFFDSL";"-72477,74";"EUR";"Umsatz gebucht"
"43006329";"29.06.15";"29.06.15";"UMBUCHUNG";"";"";"";"48050161";"40000,00";"EUR";"Umsatz gebucht"
"43006329";"29.06.15";"29.06.15";"SONSTIGER EINZUG";"EC 74088199 270615172719IC1";"TOTAL- GEORGSMARIENHUETTE";"355239250";"10020890";"-30,49";"EUR";"Umsatz gebucht"
"43006329";"29.06.15";"29.06.15";"SONSTIGER EINZUG";"EC 65422007 270615095426IC1";"SATURN SAGT DANKE 65422007";"1107713";"30050000";"-199,00";"EUR";"Umsatz gebucht"
"43006329";"24.06.15";"24.06.15";"SONSTIGER EINZUG";"EC 68083504 220615190716OC1";"SMART STAY HOTEL FRANKFURDE";"555648504";"37010050";"-196,00";"EUR";"Umsatz gebucht"
"43006329";"23.06.15";"23.06.15";"LASTSCHRIFT";"220607111148253181221114300OLV71010346 22.06 07.11 ME1";"ARAL BIELEFEL KIRCHDORNBERG";"1609114";"30050000";"-20,73";"EUR";"Umsatz gebucht"
"43006329";"22.06.15";"22.06.15";"LASTSCHRIFT";"190619221195464181228174300OLV71015627 19.06 19.22 ME1";"ARAL BIELEFEL JOELLENBECKER";"1609114";"30050000";"-61,86";"EUR";"Umsatz gebucht"
"43006329";"22.06.15";"22.06.15";"GUTSCHRIFT";"SVWZ+GSNR 44-820445 VOM 03.06.2015 5-769759 ABZGL. 3p. SKONTO";"GULP CONSULTING SERVICES";"DE30700400410271268500";"COBADEFFXXX";"12174,63";"EUR";"Umsatz gebucht"
"43006329";"22.06.15";"22.06.15";"ONLINE-UEBERWEISUNG";"SVWZ+RE 55387226DATUM 21.06.2015, 20.39 UHR1.TAN 804522";"Pollin Elektronik GmbH";"DE78721500000000321166";"BYLADEM1ING";"-74,95";"EUR";"Umsatz gebucht"
"43006329";"22.06.15";"22.06.15";"ONLINE-UEBERWEISUNG";"SVWZ+Miete 15. -19.06.2015DATUM 21.06.2015, 20.05 UHR1.TAN 897029";"Sandeep Madhu";"DE73500400000684871700";"COBADEFFXXX";"-300,00";"EUR";"Umsatz gebucht"
"43006329";"19.06.15";"19.06.15";"SONSTIGER EINZUG";"EC 70001995 180615181600IC1";"SHELL   0204 FRANKFURT";"1638238014";"50230400";"-29,81";"EUR";"Umsatz gebucht"
"43006329";"19.06.15";"19.06.15";"FOLGELASTSCHRIFT";"EREF+ZAHLUNGSBELEG 203123305778MREF+DE000205000610000000000000006118189CRED+DE93ZZZ00000078611SVWZ+MOBILFUNK KUNDENKONTO000051640140 0009774607012711/07.06.15ABWE+Kaba Soft GmbH";"TELEKOM DEUTSCHLAND";"DE68700202700667302269";"HYVEDEMMXXX";"-53,29";"EUR";"Umsatz gebucht"
"43006329";"17.06.15";"17.06.15";"EIGENE KREDITKARTENABRECHN.";"16.06.15 5232540435375351";"KREDITKARTENABRECHNUNG";"900484122";"48050161";"-21,43";"EUR";"Umsatz gebucht"
"43006329";"15.06.15";"15.06.15";"SONSTIGER EINZUG";"EC 74006466 130615201800OC1";"WESTFALEN TS BIELEFELD";"395449200";"40040028";"-64,73";"EUR";"Umsatz gebucht"
"43006329";"15.06.15";"15.06.15";"SONSTIGER EINZUG";"EC 78101500 120615155930OC1";"ESSO DEUTSCHLAND GMBH";"930401000";"20080000";"-25,71";"EUR";"Umsatz gebucht"
"43006329";"15.06.15";"15.06.15";"FOLGELASTSCHRIFT";"EREF+34900057372381L150612-2441-11507392MREF+NW156672926200CRED+DE14NRW00000098851SVWZ+Stnr 349/5737/2381 Koerperschaftst. 2.Vj.15 2.016,00 Solid.Zuschl.KSt 2.Vj.15 110,00 Lohnsteuer Mai 15641,33";"STEUERVERWALTUNG NRW";"DE84300500000004061214";"WELADEDDXXX";"-2767,33";"EUR";"Umsatz gebucht"
"43006329";"11.06.15";"11.06.15";"ONLINE-UEBERWEISUNG";"SVWZ+Gehalt 05/2015DATUM 10.06.2015, 23.03 UHR1.TAN 763015";"BINTOU MADY KABA";"DE22480501610043719244";"SPBIDE3BXXX";"-3458,67";"EUR";"Umsatz gebucht"
"43006329";"10.06.15";"10.06.15";"SONSTIGER EINZUG";"EC 68083504 080615202439OC1";"SMART STAY HOTEL FRANKFURDE";"555648504";"37010050";"-266,00";"EUR";"Umsatz gebucht"
"43006329";"09.06.15";"09.06.15";"SONSTIGER EINZUG";"EC 66027570 080615082137OC1";"CW STADTHEIDER STR.";"532490000";"48040035";"-494,18";"EUR";"Umsatz gebucht"
"43006329";"09.06.15";"09.06.15";"SONSTIGER EINZUG";"EC 68075594 080615115542IC1";"IHR KLINGBEILTEAM*BIELEFEDE";"4020996";"48050161";"-60,00";"EUR";"Umsatz gebucht"
"43006329";"08.06.15";"08.06.15";"GUTSCHRIFT";"EREF+10410100/15/04196/06/1SVWZ+BEITRAGSERSTATTUNG";"DAK-Gesundheit";"DE70200505501280122225";"HASPDEHHXXX";"943,36";"EUR";"Umsatz gebucht"
"43006329";"08.06.15";"08.06.15";"SONSTIGER EINZUG";"EC 74001327 070615130000IC1";"GO-BIELEFELD 605";"300038000";"50020200";"-21,26";"EUR";"Umsatz gebucht"
"43006329";"05.06.15";"05.06.15";"LASTSCHRIFT";"040617561190481181228174300OLV71015627 04.06 17.56 ME1";"ARAL BIELEFEL JOELLENBECKER";"1609114";"30050000";"-66,86";"EUR";"Umsatz gebucht"
"43006329";"05.06.15";"05.06.15";"GUTSCHRIFT";"EREF+847000158685SVWZ+BZ.501010257017,GewSt. 2013ABWA+Stadtverwaltung Bielefeld";"Stadt Bielefeld";"DE09480501610000000026";"SPBIDE3BXXX";"1695,00";"EUR";"Umsatz gebucht"
"43006329";"03.06.15";"03.06.15";"ONLINE-UEBERWEISUNG";"SVWZ+MIETE 06/2015DATUM 03.06.2015, 06.34 UHR1.TAN 001775";"BINTOU MADY KABA";"DE22480501610043719244";"SPBIDE3BXXX";"-720,00";"EUR";"Umsatz gebucht"
"43006329";"02.06.15";"02.06.15";"SONSTIGER EINZUG";"EC 60028389 300515111828OC1";"AHC AUTOHAUS CLOPPENBURG";"206858800";"48080020";"-1662,03";"EUR";"Umsatz gebucht"
"43006329";"02.06.15";"02.06.15";"SONSTIGER EINZUG";"EC 68083504 310515174855OC1";"SMART STAY HOTEL FRANKFURDE";"555648504";"37010050";"-139,00";"EUR";"Umsatz gebucht"
"43006329";"02.06.15";"03.06.15";"ZINSEN/DIVIDENDE";"DEPOT       44719859  03.06.2015WERTPAPIERZAHLUNG FUER KENN-NR.  855681INTEL CORP.    DL-,001US458140100101152000065228530910";"SPARKASSE BIELEFELD";"900482001";"48050161";"18,61";"EUR";"Umsatz gebucht"
"43006329";"01.06.15";"01.06.15";"LASTSCHRIFT";"ELV91400401 29.05 11 06 ME1";"STAR TST BIELEFELD DETMOLDE";"1054147";"30050000";"-14,56";"EUR";"Umsatz gebucht"
"43006329";"01.06.15";"30.05.15";"ABSCHLUSS";"Abrechnung 29.05.2015siehe Anlage";"";"";"48050161";"-19,67";"EUR";"Umsatz gebucht"
"43006329";"29.05.15";"29.05.15";"LASTSCHRIFT";"280519531143653181221114300OLV71010346 28.05 19.53 ME1";"ARAL BIELEFEL KIRCHDORNBERG";"1609114";"30050000";"-63,08";"EUR";"Umsatz gebucht"
"43006329";"28.05.15";"28.05.15";"LASTSCHRIFT";"220518501156543181221079800OLV71012036 22.05 18.50 ME1";"ARAL WERTHER BIELEFELDER ST";"1609114";"30050000";"-74,44";"EUR";"Umsatz gebucht"
"43006329";"27.05.15";"27.05.15";"SONSTIGER EINZUG";"EC 68083504 250515212051OC1";"SMART STAY HOTEL FRANKFURDE";"555648504";"37010050";"-147,00";"EUR";"Umsatz gebucht"
"43006329";"26.05.15";"26.05.15";"SONSTIGER EINZUG";"EC 72510115 250515163555IC1";"TS BUESCHER*BIELEFELD    DE";"1252311";"30050000";"-49,36";"EUR";"Umsatz gebucht"
"43006329";"26.05.15";"26.05.15";"FOLGELASTSCHRIFT";"EREF+ZAHLUNGSBELEG 217006789874MREF+DE000205000610000000000000006118189CRED+DE93ZZZ00000078611SVWZ+MOBILFUNK KUNDENKONTO000051640140 0009730218012711/11.05.15ABWE+Kaba Soft GmbH";"TELEKOM DEUTSCHLAND";"DE68700202700667302269";"HYVEDEMMXXX";"-47,45";"EUR";"Umsatz gebucht"
"43006329";"26.05.15";"26.05.15";"GUTSCHRIFT";"SVWZ+GSNR 44-810519 VOM 05.05.2015 4-769759 ABZGL. 3p. SKONTO";"GULP CONSULTING SERVICES";"DE30700400410271268500";"COBADEFFXXX";"15218,29";"EUR";"Umsatz gebucht"
"43006329";"26.05.15";"26.05.15";"ONLINE-UEBERWEISUNG";"SVWZ+Rechnungen  vom Nov 2014 bis April 2015DATUM 25.05.2015, 22.51 UHR1.TAN 144570";"Telekom Deutschland GmbH";"DE53360100430595800439";"PBNKDEFFXXX";"-289,12";"EUR";"Umsatz gebucht"
"43006329";"20.05.15";"20.05.15";"EIGENE KREDITKARTENABRECHN.";"19.05.15 5232540435375351";"KREDITKARTENABRECHNUNG";"900484122";"48050161";"-221,29";"EUR";"Umsatz gebucht"
"43006329";"19.05.15";"19.05.15";"SONSTIGER EINZUG";"EC 68083504 170515212636OC1";"SMART STAY HOTEL FRANKFURDE";"555648504";"37010050";"-475,00";"EUR";"Umsatz gebucht"
"43006329";"18.05.15";"18.05.15";"SONSTIGER EINZUG";"EC 74001327 150515193500IC1";"GO-BIELEFELD 605";"300038000";"50020200";"-39,15";"EUR";"Umsatz gebucht"
"43006329";"18.05.15";"18.05.15";"SONSTIGER EINZUG";"EC 72510115 170515140636IC1";"TS BUESCHER*BIELEFELD    DE";"1252311";"30050000";"-11,48";"EUR";"Umsatz gebucht"
"43006329";"18.05.15";"18.05.15";"FOLGELASTSCHRIFT";"EREF+34900057372381L150513-2405-10710371MREF+NW156672926200CRED+DE14NRW00000098851SVWZ+Stnr 349/5737/2381 Umsatzsteuer Mrz. 15 2.145,66";"STEUERVERWALTUNG NRW";"DE84300500000004061214";"WELADEDDXXX";"-2145,66";"EUR";"Umsatz gebucht"
"43006329";"15.05.15";"15.05.15";"LASTSCHRIFT";"130519451154896181221079800OLV71012036 13.05 19.45 ME1";"ARAL WERTHER BIELEFELDER ST";"1609114";"30050000";"-60,97";"EUR";"Umsatz gebucht"
"43006329";"15.05.15";"15.05.15";"FOLGELASTSCHRIFT";"EREF+34900057372381L150512-2403-10671475MREF+NW156672926200CRED+DE14NRW00000098851SVWZ+Stnr 349/5737/2381 Lohnsteuer Apr. 15 480,55";"STEUERVERWALTUNG NRW";"DE84300500000004061214";"WELADEDDXXX";"-480,55";"EUR";"Umsatz gebucht"
"43006329";"15.05.15";"15.05.15";"FOLGELASTSCHRIFT";"EREF+001100614567MREF+501010257017001CRED+DE1920000000017669SVWZ+501010257017,1100062680,Gew.St.Vorausz. 2015ABWA+Stadtkasse Bielefeld";"Stadt Bielefeld";"DE09480501610000000026";"SPBIDE3BXXX";"-1562,00";"EUR";"Umsatz gebucht"
"43006329";"13.05.15";"13.05.15";"SONSTIGER EINZUG";"EC 68083504 110515174019OC1";"SMART STAY HOTEL FRANKFURDE";"555648504";"37010050";"-98,00";"EUR";"Umsatz gebucht"
"43006329";"11.05.15";"11.05.15";"LASTSCHRIFT";"100514091182370181228174300OLV71015627 10.05 14.09 ME1";"ARAL BIELEFEL JOELLENBECKER";"1609114";"30050000";"-54,61";"EUR";"Umsatz gebucht"
"43006329";"11.05.15";"11.05.15";"ONLINE-UEBERWEISUNG";"SVWZ+2015041357068DATUM 10.05.2015, 18.28 UHR1.TAN 477286";"DB Vertrieb GmbH";"DE02100100100152517108";"PBNKDEFFXXX";"-255,00";"EUR";"Umsatz gebucht"
"43006329";"11.05.15";"11.05.15";"ONLINE-UEBERWEISUNG";"SVWZ+RE. 41229DATUM 10.05.2015, 18.24 UHR1.TAN 970786";"CHRISTOPH JAECKEL";"DE08760614820002603160";"GENODEF1HSB";"-38,32";"EUR";"Umsatz gebucht"
"43006329";"11.05.15";"11.05.15";"ONLINE-UEBERWEISUNG";"SVWZ+Gehalt 04/2015DATUM 10.05.2015, 16.08 UHR1.TAN 703086";"BINTOU MADY KABA";"DE22480501610043719244";"SPBIDE3BXXX";"-3458,67";"EUR";"Umsatz gebucht"
"43006329";"07.05.15";"07.05.15";"ONLINE-UEBERWEISUNG";"SVWZ+Rechnung vom 15.01.2015DATUM 06.05.2015, 23.59 UHR1.TAN 386671";"Barry Abdoul Aziz";"ES5121000019420106821199";"CAIXESBBXXX";"-1250,00";"EUR";"Umsatz gebucht"
"43006329";"07.05.15";"07.05.15";"ONLINE-UEBERWEISUNG";"SVWZ+Miete  05-2015DATUM 06.05.2015, 23.54 UHR1.TAN 442423";"BINTOU MADY KABA";"DE22480501610043719244";"SPBIDE3BXXX";"-999,60";"EUR";"Umsatz gebucht"
"43006329";"05.05.15";"05.05.15";"LASTSCHRIFT";"030519001438782181215051300OLV71010083 03.05 19.00 ME1";"ARAL DITZINGE SIEMENSSTRASS";"1609114";"30050000";"-55,71";"EUR";"Umsatz gebucht"
"43006329";"05.05.15";"05.05.15";"SONSTIGER EINZUG";"EC 75021848 020515202408IC1";"UNITOL TANKSTELLE BIELEFELD";"626403620";"20030000";"-14,82";"EUR";"Umsatz gebucht"
"43006329";"05.05.15";"05.05.15";"SONSTIGER EINZUG";"EC 68083504 020515230755OC1";"SMART STAY HOTEL FRANKFURDE";"555648504";"37010050";"-24,00";"EUR";"Umsatz gebucht"
"43006329";"05.05.15";"05.05.15";"SONSTIGER EINZUG";"EC 68083504 030515211342OC1";"SMART STAY HOTEL FRANKFURDE";"555648504";"37010050";"-615,00";"EUR";"Umsatz gebucht"
"43006329";"04.05.15";"04.05.15";"LASTSCHRIFT";"300419511138748181221114300OLV71010346 30.04 19.51 ME1";"ARAL BIELEFEL KIRCHDORNBERG";"1609114";"30050000";"-63,80";"EUR";"Umsatz gebucht"
"43006329";"04.05.15";"04.05.15";"GUTSCHRIFT";"SVWZ+GSNR 44-804505 VOM 15.04.2015 3-769759 ABZGL. 3p. SKONTO";"GULP CONSULTING SERVICES";"DE30700400410271268500";"COBADEFFXXX";"15979,21";"EUR";"Umsatz gebucht"
"43006329";"04.05.15";"04.05.15";"SONSTIGER EINZUG";"EC 65421228 020515164308IC1";"MEDIA MARKT DANKT 65421228";"1107713";"30050000";"-71,99";"EUR";"Umsatz gebucht"
"43006329";"04.05.15";"04.05.15";"FOLGELASTSCHRIFT";"EREF+2004304644MREF+38748726V001CRED+DE57LUX00000054136SVWZ+VERSICHERUNG 38748726- KABASOFTGmbH-01.05.2015";"VORSORGE LUXEMBURG";"DE54585200860002284421";"HYVEDEMM437";"-1742,48";"EUR";"Umsatz gebucht"
"43006329";"04.05.15";"01.05.15";"ABSCHLUSS";"Abrechnung 30.04.2015siehe Anlage";"";"";"48050161";"-18,62";"EUR";"Umsatz gebucht"
"43006329";"30.04.15";"04.05.15";"GUTSCHRIFT";"EREF+34900057372381G150429-007J-06823517SVWZ+StNr 349/5737/2381 Koerpersch.St. 13 4.081,00 Zinsen 13 21,00 Solid.Zuschl.13 221,34";"STEUERVERWALTUNG NRW";"DE95300500000004051413";"WELADEDDXXX";"4323,34";"EUR";"Umsatz gebucht"
"43006329";"29.04.15";"29.04.15";"SONSTIGER EINZUG";"EC 68083504 270415181630OC1";"SMART STAY HOTEL FRANKFURDE";"555648504";"37010050";"-132,00";"EUR";"Umsatz gebucht"
"43006329";"28.04.15";"28.04.15";"SONSTIGER EINZUG";"EC 68083504 240415055553OC1";"SMART STAY HOTEL FRANKFURDE";"555648504";"37010050";"-49,00";"EUR";"Umsatz gebucht"
"43006329";"27.04.15";"27.04.15";"LASTSCHRIFT";"240416191137591181221114300OLV71010346 24.04 16.19 ME1";"ARAL BIELEFEL KIRCHDORNBERG";"1609114";"30050000";"-66,83";"EUR";"Umsatz gebucht"
"43006329";"27.04.15";"27.04.15";"FOLGELASTSCHRIFT";"EREF+ZAHLUNGSBELEG 213006159639MREF+DE000205000610000000000000006118189CRED+DE93ZZZ00000078611SVWZ+MOBILFUNK KUNDENKONTO000051640140 0009685160012711/13.04.15ABWE+Kaba Soft GmbH";"TELEKOM DEUTSCHLAND";"DE68700202700667302269";"HYVEDEMMXXX";"-47,45";"EUR";"Umsatz gebucht"
"43006329";"22.04.15";"22.04.15";"SONSTIGER EINZUG";"EC 68083504 200415190920OC1";"SMART STAY HOTEL FRANKFURDE";"555648504";"37010050";"-162,00";"EUR";"Umsatz gebucht"
"43006329";"21.04.15";"21.04.15";"LASTSCHRIFT";"190414161176497181228174300OLV71015627 19.04 14.16 ME1";"ARAL BIELEFEL JOELLENBECKER";"1609114";"30050000";"-18,75";"EUR";"Umsatz gebucht"
"43006329";"20.04.15";"20.04.15";"LASTSCHRIFT";"170416591176067181228174300OLV71015627 17.04 16.59 ME1";"ARAL BIELEFEL JOELLENBECKER";"1609114";"30050000";"-54,24";"EUR";"Umsatz gebucht"
"43006329";"20.04.15";"20.04.15";"SONSTIGER EINZUG";"EC 68083504 160415180522OC1";"SMART STAY HOTEL FRANKFURDE";"555648504";"37010050";"-69,00";"EUR";"Umsatz gebucht"
"43006329";"20.04.15";"20.04.15";"EIGENE KREDITKARTENABRECHN.";"17.04.15 5232540435375351";"KREDITKARTENABRECHNUNG";"900484122";"48050161";"-0,61";"EUR";"Umsatz gebucht"
"43006329";"17.04.15";"17.04.15";"SONSTIGER EINZUG";"EUR     292,00KURS1,0000000KURS VOM 01.01.99     MAFDFRANKFURT  AM15.04.15 18.25DERAG LH                DEU";"EC-POS EMV  1   GEB.EU 0,00";"959566027";"50050000";"-292,00";"EUR";"Umsatz gebucht"
"43006329";"15.04.15";"15.04.15";"SONSTIGER EINZUG";"EC 68083504 130415173826OC1";"SMART STAY HOTEL FRANKFURDE";"555648504";"37010050";"-44,00";"EUR";"Umsatz gebucht"
"43006329";"15.04.15";"15.04.15";"FOLGELASTSCHRIFT";"EREF+34900057372381L150413-2363-10127291MREF+NW156672926200CRED+DE14NRW00000098851SVWZ+Stnr 349/5737/2381 Umsatzsteuer Feb. 15 4.088,61Lohnsteuer Mrz. 15 641,33";"STEUERVERWALTUNG NRW";"DE84300500000004061214";"WELADEDDXXX";"-4729,94";"EUR";"Umsatz gebucht"
"43006329";"13.04.15";"13.04.15";"LASTSCHRIFT";"120414091174687181228174300OLV71015627 12.04 14.09 ME1";"ARAL BIELEFEL JOELLENBECKER";"1609114";"30050000";"-19,92";"EUR";"Umsatz gebucht"
"43006329";"13.04.15";"13.04.15";"SONSTIGER EINZUG";"EC 74091655 100415174808IC1";"FTS    BIELEFELD";"355239250";"10020890";"-58,75";"EUR";"Umsatz gebucht"
"43006329";"10.04.15";"10.04.15";"FOLGELASTSCHRIFT";"EREF+HOSTEUROPEGMBH-SEPA0000849-13478000MREF+DMUM8GDLNHCRED+DE08ZZZ00000352614SVWZ+18013061 V.01.04.15 KDNR. 373999";"Host Europe GmbH";"DE29370501981004142632";"COLSDE33";"-6,49";"EUR";"Umsatz gebucht"
"43006329";"09.04.15";"09.04.15";"SONSTIGER EINZUG";"EC 68083504 070415172553OC1";"SMART STAY HOTEL FRANKFURDE";"555648504";"37010050";"-109,00";"EUR";"Umsatz gebucht"
"43006329";"09.04.15";"09.04.15";"ONLINE-UEBERWEISUNG TERM.";"SVWZ+RE. 333DATUM 06.04.2015, 15.35 UHR1.TAN 730665";"CHRISTOPH JAECKEL";"DE08760614820002603160";"GENODEF1HSB";"-404,01";"EUR";"Umsatz gebucht"
"43006329";"07.04.15";"07.04.15";"LASTSCHRIFT";"020418471145825181221079800OLV71012036 02.04 18.47 ME1";"ARAL WERTHER BIELEFELDER ST";"1609114";"30050000";"-60,00";"EUR";"Umsatz gebucht"
"43006329";"07.04.15";"07.04.15";"ONLINE-UEBERWEISUNG";"SVWZ+Gehalt 03/2015DATUM 05.04.2015, 23.57 UHR1.TAN 700061";"BINTOU MADY KABA";"DE22480501610043719244";"SPBIDE3BXXX";"-3458,67";"EUR";"Umsatz gebucht"
"43006329";"07.04.15";"07.04.15";"ONLINE-UEBERWEISUNG";"SVWZ+MIETE 04/2015DATUM 04.04.2015, 21.47 UHR1.TAN 545889";"BINTOU MADY KABA";"DE22480501610043719244";"SPBIDE3BXXX";"-999,60";"EUR";"Umsatz gebucht"
"43006329";"01.04.15";"01.04.15";"SONSTIGER EINZUG";"EC 68083504 300315174746OC1";"SMART STAY HOTEL FRANKFURDE";"555648504";"37010050";"-111,00";"EUR";"Umsatz gebucht"
"43006329";"01.04.15";"01.04.15";"ABSCHLUSS";"Abrechnung 31.03.2015siehe Anlage";"";"";"48050161";"-19,70";"EUR";"Umsatz gebucht"
"43006329";"30.03.15";"30.03.15";"SONSTIGER EINZUG";"EC 71015627 280315141641IC1";"ARAL BIELEFEL JOELLENBECKER";"802029200";"43080083";"-41,20";"EUR";"Umsatz gebucht"
"43006329";"30.03.15";"30.03.15";"LASTSCHRIFT";"280309441133039181221114300OLV71010346 28.03 09.44 ME1";"ARAL BIELEFEL KIRCHDORNBERG";"1609114";"30050000";"-38,43";"EUR";"Umsatz gebucht"
"43006329";"25.03.15";"25.03.15";"SONSTIGER EINZUG";"EC 68083504 230315182410OC1";"SMART STAY HOTEL FRANKFURDE";"555648504";"37010050";"-196,00";"EUR";"Umsatz gebucht"
"43006329";"24.03.15";"24.03.15";"FOLGELASTSCHRIFT";"EREF+ZAHLUNGSBELEG 208107537400MREF+DE000205000610000000000000006118189CRED+DE93ZZZ00000078611SVWZ+MOBILFUNK KUNDENKONTO000051640140 0009639796012711/12.03.15ABWE+Kaba Soft GmbH";"TELEKOM DEUTSCHLAND";"DE68700202700667302269";"HYVEDEMMXXX";"-83,56";"EUR";"Umsatz gebucht"
"43006329";"24.03.15";"24.03.15";"ONLINE-UEBERWEISUNG";"SVWZ+79971189DATUM 23.03.2015, 21.10 UHR1.TAN 587927";"Bundesanzeiger Verlag";"DE57370100500000399509";"PBNKDEFFXXX";"-30,94";"EUR";"Umsatz gebucht"
"43006329";"23.03.15";"23.03.15";"GUTSCHRIFT";"SVWZ+GSNR 44791578 VOM 05.03.2015 2-769759 ABZGL. 3p.SKONTO";"GULP CONSULTING SERVICES";"DE30700400410271268500";"COBADEFFXXX";"15218,29";"EUR";"Umsatz gebucht"
"43006329";"23.03.15";"23.03.15";"SONSTIGER EINZUG";"EC 72510115 220315161528IC1";"TS BUESCHER*BIELEFELD    DE";"1252311";"30050000";"-31,67";"EUR";"Umsatz gebucht"
"43006329";"20.03.15";"20.03.15";"LASTSCHRIFT";"190317251168524181228174300OLV71015627 19.03 17.25 ME1";"ARAL BIELEFEL JOELLENBECKER";"1609114";"30050000";"-60,74";"EUR";"Umsatz gebucht"
"43006329";"18.03.15";"18.03.15";"SONSTIGER EINZUG";"EC 68083504 160315183210OC1";"SMART STAY HOTEL FRANKFURDE";"555648504";"37010050";"-141,00";"EUR";"Umsatz gebucht"
"43006329";"18.03.15";"18.03.15";"FOLGELASTSCHRIFT";"EREF+KD10000075261 RG60642138 3234MREF+100000752611CRED+DE08ZZZ00000025045SVWZ+13.02.2015 61.67 60642138 13.02.2015 192.91 60642138ABWA+IHK Bielefeld";"Industrie- und Handelskammer Ostwestfalen zu Bielefeld";"DE96480501610000010488";"SPBIDE3BXXX";"-254,58";"EUR";"Umsatz gebucht"
"43006329";"17.03.15";"17.03.15";"EIGENE KREDITKARTENABRECHN.";"16.03.15 5232540435375351";"KREDITKARTENABRECHNUNG";"900484122";"48050161";"-600,03";"EUR";"Umsatz gebucht"
"43006329";"16.03.15";"16.03.15";"LASTSCHRIFT";"150317571131042181221114300OLV71010346 15.03 17.57 ME1";"ARAL BIELEFEL KIRCHDORNBERG";"1609114";"30050000";"-15,76";"EUR";"Umsatz gebucht"
"43006329";"16.03.15";"16.03.15";"SONSTIGER EINZUG";"EC 70001189 140315121100IC1";"SHELL   1073 BIELEFELD";"1638238014";"50230400";"-66,49";"EUR";"Umsatz gebucht"
"43006329";"16.03.15";"16.03.15";"ONLINE-UEBERWEISUNG";"SVWZ+Miete 9-13.03.2015DATUM 13.03.2015, 21.39 UHR1.TAN 488657";"Sandeep Madhu";"DE73500400000684871700";"COBADEFFXXX";"-300,00";"EUR";"Umsatz gebucht"
"43006329";"13.03.15";"13.03.15";"FOLGELASTSCHRIFT";"EREF+34900057372381L150312-2321-09584402MREF+NW156672926200CRED+DE14NRW00000098851SVWZ+Stnr 349/5737/2381 Betrag wird mit gesondertem Schreiben (Stand 12.03.2015)erlaeutert.";"STEUERVERWALTUNG NRW";"DE84300500000004061214";"WELADEDDXXX";"-5097,37";"EUR";"Umsatz gebucht"
"43006329";"10.03.15";"10.03.15";"ERSTLASTSCHRIFT";"EREF+AID060174113 10.03.1505251MREF+MDT187990001CRED+DE34ZZZ00000111101SVWZ+5251 AID060174113 10.03.15 BI-KK 303";"DIRECTLINE";"DE58100800000476600300";"DRESDEFF100";"-1178,40";"EUR";"Umsatz gebucht"
"43006329";"09.03.15";"09.03.15";"LASTSCHRIFT";"080320001083400181221079800OLV71012037 08.03 20.00 ME1";"ARAL WERTHER BIELEFELDER ST";"1609114";"30050000";"-23,50";"EUR";"Umsatz gebucht"
"43006329";"09.03.15";"09.03.15";"SONSTIGER EINZUG";"EC 70001189 060315170500IC1";"SHELL   1073 BIELEFELD";"1638238014";"50230400";"-57,80";"EUR";"Umsatz gebucht"
"43006329";"05.03.15";"05.03.15";"FOLGELASTSCHRIFT";"EREF+34900057372381L150303-2309-08883553MREF+NW156672926200CRED+DE14NRW00000098851SVWZ+Stnr 349/5737/2381 Umsatzsteuer SVZ 15 745,59";"STEUERVERWALTUNG NRW";"DE84300500000004061214";"WELADEDDXXX";"-745,59";"EUR";"Umsatz gebucht"
"43006329";"04.03.15";"04.03.15";"SONSTIGER EINZUG";"EC 68083504 020315174956OC1";"SMART STAY HOTEL FRANKFURDE";"555648504";"37010050";"-188,00";"EUR";"Umsatz gebucht"
"43006329";"03.03.15";"03.03.15";"SONSTIGER EINZUG";"EC 66027570 280215114520IC1";"CW STADTHEIDER STR.";"532490000";"48040035";"-32,75";"EUR";"Umsatz gebucht"
"43006329";"03.03.15";"04.03.15";"ZINSEN/DIVIDENDE";"DEPOT       44719859  04.03.2015WERTPAPIERZAHLUNG FUER KENN-NR.  855681INTEL CORP.    DL-,001US458140100101152000056128876840";"SPARKASSE BIELEFELD";"900482001";"48050161";"18,13";"EUR";"Umsatz gebucht"
"43006329";"02.03.15";"02.03.15";"SONSTIGER EINZUG";"EC 72510115 010315141804IC1";"TS BUESCHER*BIELEFELD    DE";"1252311";"30050000";"-13,44";"EUR";"Umsatz gebucht"
"43006329";"02.03.15";"02.03.15";"SONSTIGER EINZUG";"EC 72510115 270215174821IC1";"TS BUESCHER*BIELEFELD    DE";"1252311";"30050000";"-62,09";"EUR";"Umsatz gebucht"
"43006329";"02.03.15";"02.03.15";"ONLINE-UEBERWEISUNG";"SVWZ+MIETE 03/2015DATUM 01.03.2015, 18.29 UHR1.TAN 799401";"BINTOU MADY KABA";"DE22480501610043719244";"SPBIDE3BXXX";"-999,60";"EUR";"Umsatz gebucht"
"43006329";"02.03.15";"02.03.15";"ONLINE-UEBERWEISUNG";"SVWZ+Gehalt 02/2015DATUM 01.03.2015, 18.26 UHR1.TAN 405012";"BINTOU MADY KABA";"DE22480501610043719244";"SPBIDE3BXXX";"-3458,67";"EUR";"Umsatz gebucht"
"43006329";"02.03.15";"28.02.15";"ABSCHLUSS";"Abrechnung 27.02.2015siehe Anlage";"";"";"48050161";"-18,15";"EUR";"Umsatz gebucht"
"43006329";"27.02.15";"27.02.15";"SONSTIGER EINZUG";"EC 68083504 250215061430OC1";"SMART STAY HOTEL FRANKFURDE";"555648504";"37010050";"-39,00";"EUR";"Umsatz gebucht"
"43006329";"25.02.15";"25.02.15";"SONSTIGER EINZUG";"EC 68083504 230215164359OC1";"SMART STAY HOTEL FRANKFURDE";"555648504";"37010050";"-116,00";"EUR";"Umsatz gebucht"
"43006329";"25.02.15";"25.02.15";"FOLGELASTSCHRIFT";"EREF+34900057372381L150223-2297-08834902MREF+NW156672926200CRED+DE14NRW00000098851SVWZ+Stnr 349/5737/2381 Lohnsteuer Jan. 15 641,33";"STEUERVERWALTUNG NRW";"DE84300500000004061214";"WELADEDDXXX";"-641,33";"EUR";"Umsatz gebucht"
"43006329";"24.02.15";"24.02.15";"FOLGELASTSCHRIFT";"EREF+ZAHLUNGSBELEG 203121889193MREF+DE000205000610000000000000006118189CRED+DE93ZZZ00000078611SVWZ+MOBILFUNK KUNDENKONTO000051640140 0009594064012711/12.02.15ABWE+Kaba Soft GmbH";"TELEKOM DEUTSCHLAND";"DE68700202700667302269";"HYVEDEMMXXX";"-63,50";"EUR";"Umsatz gebucht"
"43006329";"23.02.15";"23.02.15";"SONSTIGER EINZUG";"EC 66027570 210215114631OC1";"CW STADTHEIDER STR.";"532490000";"48040035";"-48,43";"EUR";"Umsatz gebucht"
"43006329";"23.02.15";"23.02.15";"GUTSCHRIFT";"SVWZ+GSNR 44781273 VOM 03.02.2015 1-769759 ABZGL. 3p.SKONTO";"GULP CONSULTING SERVICES";"DE30700400410271268500";"COBADEFFXXX";"15218,29";"EUR";"Umsatz gebucht"
"43006329";"23.02.15";"23.02.15";"SONSTIGER EINZUG";"EC 72510115 200215192013IC1";"TS BUESCHER*BIELEFELD    DE";"1252311";"30050000";"-63,69";"EUR";"Umsatz gebucht"
"43006329";"23.02.15";"23.02.15";"FOLGELASTSCHRIFT";"EREF+K10073384689/000008/15ZVS15FMREF+DE47480501610043006329CRED+DE09ZZZ00000000001SVWZ+KFZ-STEUER FUER BI KK303 FUER DIE ZEIT VOM 21.02.2015 BIS ZUM 20.02.2016 KASSENZEICHEN K10073384689ABWA+KKR ZENTRALKASSE DES BUNDES";"BUNDESKASSE IN TRIER";"DE47590000000059001050";"MARKDEF1590";"-355,00";"EUR";"Umsatz gebucht"
"43006329";"23.02.15";"23.02.15";"ONLINE-UEBERWEISUNG";"SVWZ+Mandantnummer 29300 RE 71 und 72 RE Jahr 2015DATUM 22.02.2015, 08.35 UHR1.TAN 957135";"Steuerberater Frederich Wilhelm Fuchs";"DE23480501610021152855";"SPBIDE3BXXX";"-291,56";"EUR";"Umsatz gebucht"
"43006329";"18.02.15";"18.02.15";"SONSTIGER EINZUG";"EC 68083504 160215180808OC1";"SMART STAY HOTEL FRANKFURDE";"555648504";"37010050";"-256,00";"EUR";"Umsatz gebucht"
"43006329";"17.02.15";"17.02.15";"EIGENE KREDITKARTENABRECHN.";"16.02.15 5232540435375351";"KREDITKARTENABRECHNUNG";"900484122";"48050161";"-0,58";"EUR";"Umsatz gebucht"
"43006329";"16.02.15";"16.02.15";"LASTSCHRIFT";"140212491161208181228174300OLV71015627 14.02 12.49 ME1";"ARAL BIELEFEL JOELLENBECKER";"1609114";"30050000";"-78,16";"EUR";"Umsatz gebucht"
"43006329";"16.02.15";"16.02.15";"FOLGELASTSCHRIFT";"EREF+010000857732MREF+501010257017001CRED+DE1920000000017669SVWZ+501010257017,1100062680,Gew.St.Vorausz. 2015ABWA+Stadtkasse Bielefeld";"Stadt Bielefeld";"DE09480501610000000026";"SPBIDE3BXXX";"-1562,00";"EUR";"Umsatz gebucht"
"43006329";"16.02.15";"16.02.15";"ONLINE-UEBERWEISUNG";"SVWZ+RE. 1278DATUM 15.02.2015, 20.34 UHR1.TAN 514561";"CHRISTOPH JAECKEL";"DE08760614820002603160";"GENODEF1HSB";"-1778,57";"EUR";"Umsatz gebucht"
"43006329";"11.02.15";"11.02.15";"SONSTIGER EINZUG";"EC 68083504 090215172622OC1";"SMART STAY HOTEL FRANKFURDE";"555648504";"37010050";"-267,00";"EUR";"Umsatz gebucht"
"43006329";"09.02.15";"09.02.15";"LASTSCHRIFT";"070214391159533181228174300OLV71015627 07.02 14.39 ME1";"ARAL BIELEFEL JOELLENBECKER";"1609114";"30050000";"-76,58";"EUR";"Umsatz gebucht"
"43006329";"09.02.15";"09.02.15";"ONLINE-UEBERWEISUNG";"SVWZ+RE 877541DATUM 08.02.2015, 19.02 UHR1.TAN 041624";"Gulp Informationsservices GmbH";"DE39700400410270167000";"COBADEFFXXX";"-142,00";"EUR";"Umsatz gebucht"
